Section,C1,L=1.0,L=1.5,L=2.0,L=2.5,L=3.0,L=3.5,L=4.0,L=5.0,L=6.0,L=7.0,L=8.0,L=9.0,L=10.0,L=11.0,L=12.0,L=13.0,L=14.0,Iy_cm4
1016 x 305 x 584,1,6870,6870,6870,6870,6870,6550,6240,5700,5240,4840,4500,4200,3940,3710,3500,3320,3160,1246000
1016 x 305 x 584,1.13,6870,6870,6870,6870,6870,6850,6570,6060,5610,5220,4880,4580,4300,4060,3850,3650,3480,1246000
1016 x 305 x 584,1.35,6870,6870,6870,6870,6870,6870,6870,6550,6140,5770,5440,5140,4870,4620,4400,4190,4000,1246000
1016 x 305 x 584,1.5,6870,6870,6870,6870,6870,6870,6870,6830,6440,6090,5770,5480,5210,4970,4740,4530,4330,1246000
1016 x 305 x 584,1.77,6870,6870,6870,6870,6870,6870,6870,6870,6870,6570,6280,6010,5750,5510,5290,5080,4880,1246000
1016 x 305 x 584,2,6870,6870,6870,6870,6870,6870,6870,6870,6870,6870,6640,6380,6140,5920,5700,5500,5300,1246000
1016 x 305 x 584,2.5,6870,6870,6870,6870,6870,6870,6870,6870,6870,6870,6870,6870,6820,6620,6420,6240,6060,1246000
1016 x 305 x 494,1,5970,5970,5970,5970,5860,5550,5260,4750,4310,3940,3620,3340,3100,2900,2720,2560,2420,1028000
1016 x 305 x 494,1.13,5970,5970,5970,5970,5970,5820,5550,5070,4640,4270,3940,3660,3410,3190,3000,2830,2670,1028000
1016 x 305 x 494,1.35,5970,5970,5970,5970,5970,5970,5950,5510,5110,4760,4430,4150,3890,3660,3450,3260,3090,1028000
1016 x 305 x 494,1.5,5970,5970,5970,5970,5970,5970,5970,5760,5390,5040,4730,4440,4190,3950,3740,3540,3360,1028000
1016 x 305 x 494,1.77,5970,5970,5970,5970,5970,5970,5970,5970,5800,5480,5190,4920,4660,4430,4220,4020,3830,1028000
1016 x 305 x 494,2,5970,5970,5970,5970,5970,5970,5970,5970,5970,5790,5520,5260,5020,4790,4580,4380,4190,1028000
1016 x 305 x 494,2.5,5970,5970,5970,5970,5970,5970,5970,5970,5970,5970,5970,5860,5640,5440,5240,5060,4880,1028000
1016 x 305 x 438,1,5300,5300,5300,5300,5170,4890,4620,4150,3740,3400,3100,2850,2630,2450,2290,2150,2020,910000
1016 x 305 x 438,1.13,5300,5300,5300,5300,5300,5140,4890,4440,4040,3690,3380,3120,2890,2700,2520,2360,2230,910000
1016 x 305 x 438,1.35,5300,5300,5300,5300,5300,5300,5250,4840,4460,4120,3820,3550,3310,3100,2910,2740,2580,910000
1016 x 305 x 438,1.5,5300,5300,5300,5300,5300,5300,5300,5060,4710,4380,4090,3820,3580,3360,3160,2980,2820,910000
1016 x 305 x 438,1.77,5300,5300,5300,5300,5300,5300,5300,5300,5080,4780,4500,4240,4000,3780,3580,3390,3220,910000
1016 x 305 x 438,2,5300,5300,5300,5300,5300,5300,5300,5300,5300,5060,4800,4550,4320,4100,3900,3720,3540,910000
1016 x 305 x 438,2.5,5300,5300,5300,5300,5300,5300,5300,5300,5300,5300,5300,5100,4890,4690,4500,4320,4150,910000
1016 x 305 x 415,1,4990,4990,4990,4990,4840,4570,4320,3860,3470,3140,2850,2610,2410,2240,2080,1950,1840,853000
1016 x 305 x 415,1.13,4990,4990,4990,4990,4990,4800,4560,4130,3740,3410,3120,2870,2650,2460,2300,2150,2020,853000
1016 x 305 x 415,1.35,4990,4990,4990,4990,4990,4990,4910,4510,4150,3820,3530,3270,3040,2830,2650,2490,2340,853000
1016 x 305 x 415,1.5,4990,4990,4990,4990,4990,4990,4990,4730,4380,4060,3780,3520,3280,3080,2890,2710,2560,853000
1016 x 305 x 415,1.77,4990,4990,4990,4990,4990,4990,4990,4990,4740,4440,4170,3920,3690,3470,3280,3100,2940,853000
1016 x 305 x 415,2,4990,4990,4990,4990,4990,4990,4990,4990,4980,4710,4450,4210,3990,3780,3580,3400,3230,853000
1016 x 305 x 415,2.5,4990,4990,4990,4990,4990,4990,4990,4990,4990,4990,4940,4730,4530,4340,4150,3970,3810,853000
1016 x 305 x 393,1,4720,4720,4720,4720,4570,4310,4070,3630,3250,2930,2660,2430,2240,2070,1930,1800,1690,808000
1016 x 305 x 393,1.13,4720,4720,4720,4720,4720,4530,4300,3890,3520,3190,2910,2670,2460,2280,2120,1980,1860,808000
1016 x 305 x 393,1.35,4720,4720,4720,4720,4720,4720,4630,4250,3900,3580,3300,3050,2820,2630,2450,2300,2160,808000
1016 x 305 x 393,1.5,4720,4720,4720,4720,4720,4720,4720,4450,4120,3810,3530,3280,3060,2850,2670,2510,2360,808000
1016 x 305 x 393,1.77,4720,4720,4720,4720,4720,4720,4720,4720,4460,4170,3910,3660,3440,3230,3040,2870,2710,808000
1016 x 305 x 393,2,4720,4720,4720,4720,4720,4720,4720,4720,4690,4430,4180,3940,3720,3520,3330,3150,2990,808000
1016 x 305 x 393,2.5,4720,4720,4720,4720,4720,4720,4720,4720,4720,4720,4640,4440,4240,4050,3870,3700,3530,808000
1016 x 305 x 350,1,4400,4400,4400,4400,4220,3970,3740,3310,2940,2630,2370,2150,1960,1810,1680,1560,1460,723000
1016 x 305 x 350,1.13,4400,4400,4400,4400,4400,4180,3960,3550,3190,2870,2600,2360,2160,1990,1840,1720,1600,723000
1016 x 305 x 350,1.35,4400,4400,4400,4400,4400,4400,4270,3890,3550,3230,2960,2710,2490,2300,2140,1990,1860,723000
1016 x 305 x 350,1.5,4400,4400,4400,4400,4400,4400,4400,4090,3760,3450,3180,2930,2700,2510,2330,2170,2030,723000
1016 x 305 x 350,1.77,4400,4400,4400,4400,4400,4400,4400,4380,4080,3790,3530,3280,3060,2850,2670,2500,2340,723000
1016 x 305 x 350,2,4400,4400,4400,4400,4400,4400,4400,4400,4300,4040,3780,3550,3320,3120,2930,2760,2600,723000
1016 x 305 x 350,2.5,4400,4400,4400,4400,4400,4400,4400,4400,4400,4400,4230,4020,3820,3620,3440,3260,3100,723000
1016 x 305 x 314,1,3920,3920,3920,3920,3740,3510,3300,2910,2570,2280,2040,1840,1680,1530,1420,1310,1230,644000
1016 x 305 x 314,1.13,3920,3920,3920,3920,3920,3700,3500,3120,2790,2490,2240,2030,1840,1690,1560,1440,1340,644000
1016 x 305 x 314,1.35,3920,3920,3920,3920,3920,3920,3780,3430,3110,2820,2560,2330,2130,1960,1800,1670,1550,644000
1016 x 305 x 314,1.5,3920,3920,3920,3920,3920,3920,3920,3600,3300,3010,2750,2520,2320,2130,1970,1830,1700,644000
1016 x 305 x 314,1.77,3920,3920,3920,3920,3920,3920,3920,3870,3590,3320,3070,2840,2630,2440,2260,2110,1970,644000
1016 x 305 x 314,2,3920,3920,3920,3920,3920,3920,3920,3920,3790,3540,3300,3070,2860,2670,2500,2340,2190,644000
1016 x 305 x 314,2.5,3920,3920,3920,3920,3920,3920,3920,3920,3920,3920,3710,3500,3310,3120,2950,2780,2630,644000
1016 x 305 x 272,1,3390,3390,3390,3390,3220,3020,2830,2480,2180,1920,1710,1530,1380,1260,1150,1060,989,554000
1016 x 305 x 272,1.13,3390,3390,3390,3390,3370,3190,3010,2670,2370,2100,1880,1680,1520,1380,1260,1160,1080,554000
1016 x 305 x 272,1.35,3390,3390,3390,3390,3390,3390,3250,2940,2650,2380,2140,1940,1760,1600,1470,1350,1240,554000
1016 x 305 x 272,1.5,3390,3390,3390,3390,3390,3390,3380,3090,2810,2550,2310,2100,1920,1750,1600,1480,1360,554000
1016 x 305 x 272,1.77,3390,3390,3390,3390,3390,3390,3390,3320,3060,2820,2590,2370,2180,2010,1850,1710,1580,554000
1016 x 305 x 272,2,3390,3390,3390,3390,3390,3390,3390,3390,3240,3010,2790,2580,2390,2210,2050,1900,1770,554000
1016 x 305 x 272,2.5,3390,3390,3390,3390,3390,3390,3390,3390,3390,3350,3150,2960,2770,2600,2440,2280,2140,554000
1016 x 305 x 249,1,2990,2990,2990,2990,2810,2630,2450,2140,1860,1630,1430,1280,1140,1040,945,869,804,481000
1016 x 305 x 249,1.13,2990,2990,2990,2990,2950,2780,2610,2300,2020,1780,1580,1400,1260,1140,1030,950,881,481000
1016 x 305 x 249,1.35,2990,2990,2990,2990,2990,2980,2830,2540,2270,2030,1810,1620,1460,1320,1200,1090,1000,481000
1016 x 305 x 249,1.5,2990,2990,2990,2990,2990,2990,2950,2680,2420,2180,1960,1760,1590,1440,1310,1200,1100,481000
1016 x 305 x 249,1.77,2990,2990,2990,2990,2990,2990,2990,2890,2650,2420,2200,2000,1820,1660,1520,1390,1280,481000
1016 x 305 x 249,2,2990,2990,2990,2990,2990,2990,2990,2990,2810,2590,2380,2180,2000,1840,1690,1550,1430,481000
1016 x 305 x 249,2.5,2990,2990,2990,2990,2990,2990,2990,2990,2990,2890,2710,2520,2340,2180,2030,1880,1750,481000
1016 x 305 x 222,1,2600,2600,2600,2570,2400,2230,2080,1790,1540,1340,1170,1030,919,826,750,686,632,408000
1016 x 305 x 222,1.13,2600,2600,2600,2600,2520,2360,2220,1940,1680,1470,1290,1140,1010,904,821,752,694,408000
1016 x 305 x 222,1.35,2600,2600,2600,2600,2600,2540,2410,2140,1900,1680,1480,1310,1170,1050,943,857,793,408000
1016 x 305 x 222,1.5,2600,2600,2600,2600,2600,2600,2520,2270,2030,1810,1610,1430,1280,1150,1030,936,856,408000
1016 x 305 x 222,1.77,2600,2600,2600,2600,2600,2600,2600,2450,2230,2020,1820,1630,1470,1330,1200,1090,993,408000
1016 x 305 x 222,2,2600,2600,2600,2600,2600,2600,2600,2580,2380,2170,1970,1790,1620,1480,1340,1220,1120,408000
1016 x 305 x 222,2.5,2600,2600,2600,2600,2600,2600,2600,2600,2600,2440,2260,2090,1920,1770,1630,1500,1380,408000
914 x 419 x 388,1,4690,4690,4690,4690,4690,4690,4660,4400,4160,3910,3670,3440,3220,3020,2830,2660,2500,720000
914 x 419 x 388,1.13,4690,4690,4690,4690,4690,4690,4690,4590,4370,4140,3920,3700,3490,3280,3090,2920,2750,720000
914 x 419 x 388,1.35,4690,4690,4690,4690,4690,4690,4690,4690,4660,4460,4270,4070,3870,3680,3490,3310,3140,720000
914 x 419 x 388,1.5,4690,4690,4690,4690,4690,4690,4690,4690,4690,4640,4460,4280,4100,3910,3730,3560,3390,720000
914 x 419 x 388,1.77,4690,4690,4690,4690,4690,4690,4690,4690,4690,4690,4690,4590,4430,4270,4100,3940,3780,720000
914 x 419 x 388,2,4690,4690,4690,4690,4690,4690,4690,4690,4690,4690,4690,4690,4660,4520,4370,4220,4070,720000
914 x 419 x 388,2.5,4690,4690,4690,4690,4690,4690,4690,4690,4690,4690,4690,4690,4690,4690,4690,4690,4570,720000
914 x 419 x 343,1,4110,4110,4110,4110,4110,4110,4060,3840,3610,3380,3160,2950,2750,2560,2380,2230,2090,626000
914 x 419 x 343,1.13,4110,4110,4110,4110,4110,4110,4110,4000,3800,3590,3380,3180,2980,2790,2610,2450,2300,626000
914 x 419 x 343,1.35,4110,4110,4110,4110,4110,4110,4110,4110,4050,3880,3690,3500,3320,3140,2960,2790,2630,626000
914 x 419 x 343,1.5,4110,4110,4110,4110,4110,4110,4110,4110,4110,4030,3870,3690,3520,3340,3170,3010,2850,626000
914 x 419 x 343,1.77,4110,4110,4110,4110,4110,4110,4110,4110,4110,4110,4110,3980,3820,3660,3500,3350,3200,626000
914 x 419 x 343,2,4110,4110,4110,4110,4110,4110,4110,4110,4110,4110,4110,4110,4030,3890,3740,3600,3450,626000
914 x 419 x 343,2.5,4110,4110,4110,4110,4110,4110,4110,4110,4110,4110,4110,4110,4110,4110,4110,4030,3910,626000
914 x 305 x 576,1,6440,6440,6440,6440,6440,6320,6130,5780,5460,5170,4890,4640,4400,4180,3980,3800,3620,1102000
914 x 305 x 576,1.13,6440,6440,6440,6440,6440,6440,6380,6070,5780,5500,5240,4990,4760,4540,4340,4150,3970,1102000
914 x 305 x 576,1.35,6440,6440,6440,6440,6440,6440,6440,6440,6200,5960,5730,5500,5290,5080,4890,4700,4520,1102000
914 x 305 x 576,1.5,6440,6440,6440,6440,6440,6440,6440,6440,6440,6220,6010,5800,5600,5400,5210,5030,4850,1102000
914 x 305 x 576,1.77,6440,6440,6440,6440,6440,6440,6440,6440,6440,6440,6420,6240,6060,5890,5720,5550,5380,1102000
914 x 305 x 576,2,6440,6440,6440,6440,6440,6440,6440,6440,6440,6440,6440,6440,6380,6230,6070,5920,5760,1102000
914 x 305 x 576,2.5,6440,6440,6440,6440,6440,6440,6440,6440,6440,6440,6440,6440,6440,6440,6440,6440,6420,1102000
914 x 305 x 521,1,6020,6020,6020,6020,6020,5840,5660,5300,4980,4670,4390,4130,3890,3680,3480,3300,3140,982000
914 x 305 x 521,1.13,6020,6020,6020,6020,6020,6020,5900,5580,5280,4990,4720,4470,4230,4010,3810,3620,3450,982000
914 x 305 x 521,1.35,6020,6020,6020,6020,6020,6020,6020,5950,5690,5440,5200,4960,4740,4520,4320,4130,3950,982000
914 x 305 x 521,1.5,6020,6020,6020,6020,6020,6020,6020,6020,5920,5690,5470,5250,5040,4830,4630,4440,4270,982000
914 x 305 x 521,1.77,6020,6020,6020,6020,6020,6020,6020,6020,6020,6020,5870,5680,5490,5300,5120,4940,4770,982000
914 x 305 x 521,2,6020,6020,6020,6020,6020,6020,6020,6020,6020,6020,6020,5980,5810,5640,5470,5310,5140,982000
914 x 305 x 521,2.5,6020,6020,6020,6020,6020,6020,6020,6020,6020,6020,6020,6020,6020,6020,6020,5940,5800,982000
914 x 305 x 474,1,5450,5450,5450,5450,5440,5260,5090,4760,4440,4150,3880,3630,3410,3200,3020,2860,2710,886000
914 x 305 x 474,1.13,5450,5450,5450,5450,5450,5450,5310,5010,4720,4440,4180,3940,3710,3500,3310,3140,2980,886000
914 x 305 x 474,1.35,5450,5450,5450,5450,5450,5450,5450,5350,5100,4860,4620,4390,4170,3970,3780,3590,3420,886000
914 x 305 x 474,1.5,5450,5450,5450,5450,5450,5450,5450,5450,5320,5090,4870,4660,4450,4250,4060,3880,3710,886000
914 x 305 x 474,1.77,5450,5450,5450,5450,5450,5450,5450,5450,5450,5440,5250,5060,4870,4690,4510,4340,4170,886000
914 x 305 x 474,2,5450,5450,5450,5450,5450,5450,5450,5450,5450,5450,5450,5340,5170,5000,4840,4670,4520,886000
914 x 305 x 474,2.5,5450,5450,5450,5450,5450,5450,5450,5450,5450,5450,5450,5450,5450,5450,5400,5260,5130,886000
914 x 305 x 425,1,4880,4880,4880,4880,4850,4680,4520,4200,3900,3630,3370,3140,2920,2740,2570,2420,2280,788000
914 x 305 x 425,1.13,4880,4880,4880,4880,4880,4870,4720,4440,4160,3890,3640,3410,3200,3000,2820,2660,2520,788000
914 x 305 x 425,1.35,4880,4880,4880,4880,4880,4880,4880,4750,4510,4270,4040,3820,3610,3410,3230,3060,2900,788000
914 x 305 x 425,1.5,4880,4880,4880,4880,4880,4880,4880,4880,4710,4490,4270,4060,3860,3670,3480,3310,3150,788000
914 x 305 x 425,1.77,4880,4880,4880,4880,4880,4880,4880,4880,4880,4810,4620,4430,4250,4070,3890,3730,3570,788000
914 x 305 x 425,2,4880,4880,4880,4880,4880,4880,4880,4880,4880,4880,4860,4690,4520,4360,4190,4030,3880,788000
914 x 305 x 425,2.5,4880,4880,4880,4880,4880,4880,4880,4880,4880,4880,4880,4880,4880,4860,4720,4580,4450,788000
914 x 305 x 381,1,4340,4340,4340,4340,4290,4140,3990,3690,3410,3140,2900,2680,2480,2310,2160,2020,1900,697000
914 x 305 x 381,1.13,4340,4340,4340,4340,4340,4310,4170,3900,3640,3380,3140,2920,2720,2540,2380,2230,2100,697000
914 x 305 x 381,1.35,4340,4340,4340,4340,4340,4340,4340,4190,3960,3730,3500,3290,3090,2900,2730,2570,2430,697000
914 x 305 x 381,1.5,4340,4340,4340,4340,4340,4340,4340,4340,4140,3930,3720,3510,3320,3130,2960,2800,2640,697000
914 x 305 x 381,1.77,4340,4340,4340,4340,4340,4340,4340,4340,4340,4220,4040,3850,3670,3490,3320,3160,3010,697000
914 x 305 x 381,2,4340,4340,4340,4340,4340,4340,4340,4340,4340,4340,4260,4090,3920,3760,3600,3440,3290,697000
914 x 305 x 381,2.5,4340,4340,4340,4340,4340,4340,4340,4340,4340,4340,4340,4340,4340,4220,4080,3950,3810,697000
914 x 305 x 345,1,4070,4070,4070,4070,3990,3840,3690,3390,3110,2840,2600,2380,2190,2020,1880,1750,1640,626000
914 x 305 x 345,1.13,4070,4070,4070,4070,4070,4000,3870,3600,3330,3070,2830,2610,2410,2230,2070,1930,1810,626000
914 x 305 x 345,1.35,4070,4070,4070,4070,4070,4070,4070,3870,3640,3400,3170,2950,2750,2560,2390,2240,2100,626000
914 x 305 x 345,1.5,4070,4070,4070,4070,4070,4070,4070,4020,3810,3590,3370,3160,2960,2770,2600,2440,2290,626000
914 x 305 x 345,1.77,4070,4070,4070,4070,4070,4070,4070,4070,4070,3880,3680,3490,3300,3120,2940,2780,2630,626000
914 x 305 x 345,2,4070,4070,4070,4070,4070,4070,4070,4070,4070,4070,3900,3720,3550,3370,3210,3040,2890,626000
914 x 305 x 345,2.5,4070,4070,4070,4070,4070,4070,4070,4070,4070,4070,4070,4070,3980,3830,3680,3530,3390,626000
914 x 305 x 313,1,3610,3610,3610,3610,3530,3390,3250,2980,2710,2460,2230,2030,1850,1700,1570,1460,1360,548000
914 x 305 x 313,1.13,3610,3610,3610,3610,3610,3540,3410,3160,2900,2660,2430,2220,2040,1870,1730,1600,1490,548000
914 x 305 x 313,1.35,3610,3610,3610,3610,3610,3610,3610,3410,3180,2960,2740,2530,2330,2160,2000,1860,1730,548000
914 x 305 x 313,1.5,3610,3610,3610,3610,3610,3610,3610,3550,3340,3130,2920,2720,2520,2340,2180,2030,1900,548000
914 x 305 x 313,1.77,3610,3610,3610,3610,3610,3610,3610,3610,3580,3390,3200,3010,2830,2650,2480,2330,2190,548000
914 x 305 x 313,2,3610,3610,3610,3610,3610,3610,3610,3610,3610,3570,3400,3230,3050,2880,2720,2560,2420,548000
914 x 305 x 313,2.5,3610,3610,3610,3610,3610,3610,3610,3610,3610,3610,3610,3600,3450,3300,3150,3010,2870,548000
914 x 305 x 289,1,3340,3340,3340,3340,3260,3120,2990,2730,2480,2240,2020,1830,1660,1520,1400,1290,1200,504000
914 x 305 x 289,1.13,3340,3340,3340,3340,3340,3260,3140,2900,2660,2420,2200,2000,1830,1670,1540,1420,1320,504000
914 x 305 x 289,1.35,3340,3340,3340,3340,3340,3340,3340,3130,2920,2700,2490,2280,2100,1930,1780,1650,1530,504000
914 x 305 x 289,1.5,3340,3340,3340,3340,3340,3340,3340,3260,3070,2860,2660,2460,2270,2100,1950,1800,1680,504000
914 x 305 x 289,1.77,3340,3340,3340,3340,3340,3340,3340,3340,3290,3110,2920,2740,2560,2380,2220,2080,1940,504000
914 x 305 x 289,2,3340,3340,3340,3340,3340,3340,3340,3340,3340,3280,3110,2940,2770,2600,2440,2290,2150,504000
914 x 305 x 289,2.5,3340,3340,3340,3340,3340,3340,3340,3340,3340,3340,3340,3290,3140,2990,2850,2700,2570,504000
914 x 305 x 271,1,3120,3120,3120,3120,3040,2910,2790,2540,2300,2060,1860,1670,1520,1380,1270,1170,1080,472000
914 x 305 x 271,1.13,3120,3120,3120,3120,3120,3040,2930,2700,2470,2240,2030,1840,1670,1520,1400,1280,1190,472000
914 x 305 x 271,1.35,3120,3120,3120,3120,3120,3120,3120,2920,2710,2500,2300,2100,1920,1760,1620,1490,1380,472000
914 x 305 x 271,1.5,3120,3120,3120,3120,3120,3120,3120,3040,2850,2650,2460,2260,2080,1920,1770,1640,1510,472000
914 x 305 x 271,1.77,3120,3120,3120,3120,3120,3120,3120,3120,3060,2880,2700,2520,2350,2180,2030,1880,1760,472000
914 x 305 x 271,2,3120,3120,3120,3120,3120,3120,3120,3120,3120,3050,2880,2720,2550,2390,2230,2090,1950,472000
914 x 305 x 271,2.5,3120,3120,3120,3120,3120,3120,3120,3120,3120,3120,3120,3050,2900,2760,2610,2470,2340,472000
914 x 305 x 253,1,2890,2890,2890,2890,2810,2690,2570,2340,2100,1880,1690,1520,1370,1240,1140,1040,967,436000
914 x 305 x 253,1.13,2890,2890,2890,2890,2890,2810,2700,2480,2260,2050,1850,1670,1510,1370,1250,1150,1060,436000
914 x 305 x 253,1.35,2890,2890,2890,2890,2890,2890,2880,2690,2490,2290,2090,1910,1740,1580,1450,1330,1230,436000
914 x 305 x 253,1.5,2890,2890,2890,2890,2890,2890,2890,2800,2620,2430,2240,2060,1890,1730,1590,1460,1350,436000
914 x 305 x 253,1.77,2890,2890,2890,2890,2890,2890,2890,2890,2820,2650,2480,2300,2130,1970,1820,1690,1560,436000
914 x 305 x 253,2,2890,2890,2890,2890,2890,2890,2890,2890,2890,2800,2640,2480,2320,2160,2010,1870,1740,436000
914 x 305 x 253,2.5,2890,2890,2890,2890,2890,2890,2890,2890,2890,2890,2890,2790,2650,2510,2370,2230,2100,436000
914 x 305 x 238,1,2710,2710,2710,2710,2630,2510,2400,2170,1950,1740,1550,1390,1250,1130,1030,942,870,406000
914 x 305 x 238,1.13,2710,2710,2710,2710,2710,2630,2520,2310,2100,1890,1700,1520,1370,1240,1130,1030,956,406000
914 x 305 x 238,1.35,2710,2710,2710,2710,2710,2710,2690,2510,2320,2120,1930,1750,1590,1440,1310,1200,1100,406000
914 x 305 x 238,1.5,2710,2710,2710,2710,2710,2710,2710,2620,2440,2260,2070,1890,1720,1570,1440,1320,1210,406000
914 x 305 x 238,1.77,2710,2710,2710,2710,2710,2710,2710,2710,2630,2460,2290,2120,1950,1800,1660,1520,1410,406000
914 x 305 x 238,2,2710,2710,2710,2710,2710,2710,2710,2710,2710,2610,2450,2290,2130,1980,1830,1700,1570,406000
914 x 305 x 238,2.5,2710,2710,2710,2710,2710,2710,2710,2710,2710,2710,2710,2590,2450,2300,2160,2030,1900,406000
914 x 305 x 224,1,2520,2520,2520,2520,2440,2330,2220,2010,1790,1590,1410,1260,1130,1020,923,844,777,376000
914 x 305 x 224,1.13,2520,2520,2520,2520,2520,2440,2340,2140,1930,1740,1550,1380,1240,1120,1010,926,855,376000
914 x 305 x 224,1.35,2520,2520,2520,2520,2520,2520,2500,2320,2140,1950,1760,1590,1440,1300,1180,1070,977,376000
914 x 305 x 224,1.5,2520,2520,2520,2520,2520,2520,2520,2430,2260,2080,1900,1720,1560,1420,1290,1180,1080,376000
914 x 305 x 224,1.77,2520,2520,2520,2520,2520,2520,2520,2520,2430,2270,2100,1940,1780,1630,1490,1360,1250,376000
914 x 305 x 224,2,2520,2520,2520,2520,2520,2520,2520,2520,2520,2410,2250,2100,1940,1790,1650,1520,1400,376000
914 x 305 x 224,2.5,2520,2520,2520,2520,2520,2520,2520,2520,2520,2520,2510,2380,2240,2100,1960,1830,1710,376000
914 x 305 x 201,1,2210,2210,2210,2210,2120,2020,1930,1730,1530,1350,1190,1050,931,834,753,686,628,325000
914 x 305 x 201,1.13,2210,2210,2210,2210,2200,2120,2030,1840,1660,1470,1300,1150,1030,917,826,754,693,325000
914 x 305 x 201,1.35,2210,2210,2210,2210,2210,2210,2170,2010,1840,1660,1490,1330,1190,1060,957,863,795,325000
914 x 305 x 201,1.5,2210,2210,2210,2210,2210,2210,2210,2100,1940,1770,1600,1440,1300,1170,1050,949,861,325000
914 x 305 x 201,1.77,2210,2210,2210,2210,2210,2210,2210,2210,2100,1950,1790,1630,1480,1340,1220,1110,1010,325000
914 x 305 x 201,2,2210,2210,2210,2210,2210,2210,2210,2210,2210,2070,1920,1770,1630,1490,1360,1240,1130,325000
914 x 305 x 201,2.5,2210,2210,2210,2210,2210,2210,2210,2210,2210,2210,2160,2030,1900,1760,1630,1510,1390,325000
838 x 292 x 226,1,2430,2430,2430,2430,2340,2240,2140,1940,1740,1550,1390,1250,1130,1020,937,862,799,340000
838 x 292 x 226,1.13,2430,2430,2430,2430,2430,2340,2250,2060,1870,1690,1520,1370,1240,1130,1030,945,877,340000
838 x 292 x 226,1.35,2430,2430,2430,2430,2430,2430,2400,2240,2070,1900,1730,1570,1430,1310,1200,1100,1010,340000
838 x 292 x 226,1.5,2430,2430,2430,2430,2430,2430,2430,2340,2180,2020,1850,1700,1560,1430,1310,1200,1110,340000
838 x 292 x 226,1.77,2430,2430,2430,2430,2430,2430,2430,2430,2350,2200,2050,1900,1760,1630,1510,1390,1290,340000
838 x 292 x 226,2,2430,2430,2430,2430,2430,2430,2430,2430,2430,2330,2200,2060,1920,1790,1660,1550,1440,340000
838 x 292 x 226,2.5,2430,2430,2430,2430,2430,2430,2430,2430,2430,2430,2430,2320,2200,2080,1960,1850,1740,340000
838 x 292 x 194,1,2020,2020,2020,2020,1940,1850,1760,1580,1400,1240,1090,970,866,780,708,647,596,279000
838 x 292 x 194,1.13,2020,2020,2020,2020,2010,1930,1850,1680,1510,1350,1200,1070,955,858,776,711,656,279000
838 x 292 x 194,1.35,2020,2020,2020,2020,2020,2020,1980,1840,1680,1520,1370,1230,1110,996,901,818,752,279000
838 x 292 x 194,1.5,2020,2020,2020,2020,2020,2020,2020,1920,1780,1620,1480,1340,1210,1090,989,899,820,279000
838 x 292 x 194,1.77,2020,2020,2020,2020,2020,2020,2020,2020,1920,1780,1640,1510,1380,1260,1140,1050,958,279000
838 x 292 x 194,2,2020,2020,2020,2020,2020,2020,2020,2020,2020,1900,1770,1640,1510,1390,1270,1170,1080,279000
838 x 292 x 194,2.5,2020,2020,2020,2020,2020,2020,2020,2020,2020,2020,1980,1870,1750,1640,1520,1420,1320,279000
838 x 292 x 176,1,1800,1800,1800,1800,1720,1630,1550,1380,1220,1070,937,826,733,656,593,539,494,246000
838 x 292 x 176,1.13,1800,1800,1800,1800,1780,1710,1640,1480,1320,1170,1030,910,807,720,651,594,546,246000
838 x 292 x 176,1.35,1800,1800,1800,1800,1800,1800,1750,1620,1470,1320,1180,1050,936,836,750,680,627,246000
838 x 292 x 176,1.5,1800,1800,1800,1800,1800,1800,1800,1690,1560,1420,1270,1140,1020,917,825,744,679,246000
838 x 292 x 176,1.77,1800,1800,1800,1800,1800,1800,1800,1800,1690,1560,1430,1300,1170,1060,959,869,789,246000
838 x 292 x 176,2,1800,1800,1800,1800,1800,1800,1800,1800,1780,1660,1540,1410,1290,1180,1070,974,889,246000
838 x 292 x 176,2.5,1800,1800,1800,1800,1800,1800,1800,1800,1800,1800,1740,1620,1510,1400,1290,1190,1100,246000
762 x 267 x 197,1,1900,1900,1900,1870,1790,1700,1610,1440,1280,1140,1010,907,819,745,683,630,584,240000
762 x 267 x 197,1.13,1900,1900,1900,1900,1860,1780,1710,1550,1390,1240,1110,999,902,819,748,691,643,240000
762 x 267 x 197,1.35,1900,1900,1900,1900,1900,1900,1830,1690,1550,1400,1270,1150,1040,951,869,798,735,240000
762 x 267 x 197,1.5,1900,1900,1900,1900,1900,1900,1900,1770,1640,1500,1370,1250,1140,1040,954,877,809,240000
762 x 267 x 197,1.77,1900,1900,1900,1900,1900,1900,1900,1890,1780,1650,1530,1410,1300,1200,1100,1020,943,240000
762 x 267 x 197,2,1900,1900,1900,1900,1900,1900,1900,1900,1870,1760,1650,1530,1420,1320,1220,1140,1060,240000
762 x 267 x 197,2.5,1900,1900,1900,1900,1900,1900,1900,1900,1900,1900,1850,1750,1650,1550,1460,1370,1290,240000
762 x 267 x 173,1,1640,1640,1640,1610,1530,1460,1380,1220,1080,943,831,737,660,596,543,498,460,205000
762 x 267 x 173,1.13,1640,1640,1640,1640,1600,1530,1460,1310,1170,1030,914,813,727,654,596,548,508,205000
762 x 267 x 173,1.35,1640,1640,1640,1640,1640,1630,1570,1440,1300,1170,1050,939,843,760,688,627,583,205000
762 x 267 x 173,1.5,1640,1640,1640,1640,1640,1640,1630,1510,1390,1260,1140,1020,922,833,756,688,630,205000
762 x 267 x 173,1.77,1640,1640,1640,1640,1640,1640,1640,1620,1510,1390,1270,1160,1060,963,879,803,737,205000
762 x 267 x 173,2,1640,1640,1640,1640,1640,1640,1640,1640,1600,1490,1380,1270,1160,1070,980,900,829,205000
762 x 267 x 173,2.5,1640,1640,1640,1640,1640,1640,1640,1640,1640,1640,1560,1460,1370,1270,1180,1100,1020,205000
762 x 267 x 147,1,1370,1370,1370,1330,1260,1200,1130,989,859,744,648,569,504,451,408,372,341,169000
762 x 267 x 147,1.13,1370,1370,1370,1370,1320,1260,1200,1060,936,817,714,626,553,495,449,410,377,169000
762 x 267 x 147,1.35,1370,1370,1370,1370,1370,1340,1290,1170,1050,932,823,726,643,572,514,472,435,169000
762 x 267 x 147,1.5,1370,1370,1370,1370,1370,1370,1340,1240,1120,1000,893,793,705,628,562,511,472,169000
762 x 267 x 147,1.77,1370,1370,1370,1370,1370,1370,1370,1330,1230,1120,1010,907,813,730,657,593,537,169000
762 x 267 x 147,2,1370,1370,1370,1370,1370,1370,1370,1370,1300,1200,1100,996,901,814,737,668,607,169000
762 x 267 x 147,2.5,1370,1370,1370,1370,1370,1370,1370,1370,1370,1340,1250,1160,1070,983,901,826,758,169000
762 x 267 x 134,1,1280,1280,1280,1230,1170,1100,1030,896,770,660,569,496,437,389,350,317,289,151000
762 x 267 x 134,1.13,1280,1280,1280,1280,1220,1160,1100,967,841,726,627,545,479,428,386,351,322,151000
762 x 267 x 134,1.35,1280,1280,1280,1280,1280,1240,1190,1070,949,832,725,633,555,489,443,405,372,151000
762 x 267 x 134,1.5,1280,1280,1280,1280,1280,1280,1240,1130,1010,898,790,693,609,537,480,439,404,151000
762 x 267 x 134,1.77,1280,1280,1280,1280,1280,1280,1280,1220,1120,1010,898,797,707,627,558,499,459,151000
762 x 267 x 134,2,1280,1280,1280,1280,1280,1280,1280,1280,1190,1080,981,880,786,703,629,564,507,151000
762 x 267 x 134,2.5,1280,1280,1280,1280,1280,1280,1280,1280,1280,1220,1130,1040,944,857,777,704,639,151000
686 x 254 x 170,1,1490,1490,1490,1460,1390,1320,1250,1110,987,874,778,697,630,574,527,487,453,170000
686 x 254 x 170,1.13,1490,1490,1490,1490,1450,1390,1320,1200,1070,956,855,768,694,631,578,535,498,170000
686 x 254 x 170,1.35,1490,1490,1490,1490,1490,1480,1420,1310,1200,1080,979,887,805,733,671,616,570,170000
686 x 254 x 170,1.5,1490,1490,1490,1490,1490,1490,1480,1380,1270,1160,1060,963,878,803,736,677,625,170000
686 x 254 x 170,1.77,1490,1490,1490,1490,1490,1490,1490,1470,1380,1280,1180,1090,1000,924,852,788,730,170000
686 x 254 x 170,2,1490,1490,1490,1490,1490,1490,1490,1490,1460,1370,1280,1190,1100,1020,947,879,818,170000
686 x 254 x 170,2.5,1490,1490,1490,1490,1490,1490,1490,1490,1490,1490,1440,1360,1280,1200,1130,1060,998,170000
686 x 254 x 152,1,1320,1320,1320,1290,1230,1160,1100,972,854,750,662,589,529,479,438,403,373,150000
686 x 254 x 152,1.13,1320,1320,1320,1320,1280,1220,1160,1040,929,822,729,649,582,526,481,443,411,150000
686 x 254 x 152,1.35,1320,1320,1320,1320,1320,1310,1260,1150,1040,934,837,751,676,611,555,507,472,150000
686 x 254 x 152,1.5,1320,1320,1320,1320,1320,1320,1310,1210,1110,1000,906,818,739,670,609,556,511,150000
686 x 254 x 152,1.77,1320,1320,1320,1320,1320,1320,1320,1300,1210,1110,1020,930,848,774,708,649,597,150000
686 x 254 x 152,2,1320,1320,1320,1320,1320,1320,1320,1320,1280,1190,1100,1020,934,859,790,728,672,150000
686 x 254 x 152,2.5,1320,1320,1320,1320,1320,1320,1320,1320,1320,1320,1250,1170,1100,1020,953,888,828,150000
686 x 254 x 140,1,1210,1210,1210,1170,1110,1050,994,874,763,666,584,516,461,416,379,347,320,136000
686 x 254 x 140,1.13,1210,1210,1210,1210,1160,1110,1050,941,831,730,643,569,507,456,416,383,354,136000
686 x 254 x 140,1.35,1210,1210,1210,1210,1210,1190,1140,1040,933,832,740,659,589,529,477,439,407,136000
686 x 254 x 140,1.5,1210,1210,1210,1210,1210,1210,1180,1090,994,895,803,719,645,581,525,476,441,136000
686 x 254 x 140,1.77,1210,1210,1210,1210,1210,1210,1210,1170,1090,995,905,820,743,673,611,557,509,136000
686 x 254 x 140,2,1210,1210,1210,1210,1210,1210,1210,1210,1150,1070,982,899,821,749,684,626,574,136000
686 x 254 x 140,2.5,1210,1210,1210,1210,1210,1210,1210,1210,1210,1190,1120,1040,970,899,831,769,712,136000
686 x 254 x 125,1,1060,1060,1060,1020,967,912,857,748,646,558,485,426,378,338,306,279,257,118000
686 x 254 x 125,1.13,1060,1060,1060,1060,1010,962,911,807,705,614,535,469,414,372,337,309,284,118000
686 x 254 x 125,1.35,1060,1060,1060,1060,1060,1030,986,892,795,702,617,544,481,428,387,355,328,118000
686 x 254 x 125,1.5,1060,1060,1060,1060,1060,1060,1030,941,849,757,671,595,528,470,421,385,356,118000
686 x 254 x 125,1.77,1060,1060,1060,1060,1060,1060,1060,1020,932,846,761,682,610,547,492,444,404,118000
686 x 254 x 125,2,1060,1060,1060,1060,1060,1060,1060,1060,991,911,829,751,678,611,553,501,455,118000
686 x 254 x 125,2.5,1060,1060,1060,1060,1060,1060,1060,1060,1060,1020,953,880,809,741,678,621,569,118000
610 x 305 x 238,1,1980,1980,1980,1980,1980,1910,1840,1720,1590,1480,1370,1280,1190,1110,1040,983,928,209000
610 x 305 x 238,1.13,1980,1980,1980,1980,1980,1980,1920,1810,1700,1590,1480,1390,1300,1220,1150,1080,1020,209000
610 x 305 x 238,1.35,1980,1980,1980,1980,1980,1980,1980,1940,1840,1740,1650,1560,1470,1390,1310,1240,1180,209000
610 x 305 x 238,1.5,1980,1980,1980,1980,1980,1980,1980,1980,1920,1830,1740,1660,1570,1490,1420,1350,1280,209000
610 x 305 x 238,1.77,1980,1980,1980,1980,1980,1980,1980,1980,1980,1960,1880,1810,1730,1660,1580,1520,1450,209000
610 x 305 x 238,2,1980,1980,1980,1980,1980,1980,1980,1980,1980,1980,1980,1910,1840,1770,1710,1640,1580,209000
610 x 305 x 238,2.5,1980,1980,1980,1980,1980,1980,1980,1980,1980,1980,1980,1980,1980,1980,1920,1860,1810,209000
610 x 305 x 179,1,1470,1470,1470,1470,1450,1400,1350,1240,1140,1040,947,866,794,732,677,630,588,153000
610 x 305 x 179,1.13,1470,1470,1470,1470,1470,1460,1410,1310,1210,1120,1030,947,872,806,746,694,647,153000
610 x 305 x 179,1.35,1470,1470,1470,1470,1470,1470,1470,1410,1320,1240,1150,1070,996,926,862,804,751,153000
610 x 305 x 179,1.5,1470,1470,1470,1470,1470,1470,1470,1460,1390,1310,1230,1150,1070,1000,937,877,822,153000
610 x 305 x 179,1.77,1470,1470,1470,1470,1470,1470,1470,1470,1470,1410,1340,1270,1200,1130,1060,1000,943,153000
610 x 305 x 179,2,1470,1470,1470,1470,1470,1470,1470,1470,1470,1470,1420,1350,1280,1220,1160,1100,1040,153000
610 x 305 x 179,2.5,1470,1470,1470,1470,1470,1470,1470,1470,1470,1470,1470,1470,1440,1380,1330,1270,1220,153000
610 x 305 x 149,1,1220,1220,1220,1220,1200,1150,1100,1010,919,831,751,680,617,563,517,477,443,126000
610 x 305 x 149,1.13,1220,1220,1220,1220,1220,1200,1160,1070,985,900,819,745,679,621,570,525,486,126000
610 x 305 x 149,1.35,1220,1220,1220,1220,1220,1220,1220,1160,1080,1000,922,848,779,716,660,609,564,126000
610 x 305 x 149,1.5,1220,1220,1220,1220,1220,1220,1220,1200,1130,1060,984,911,843,779,720,667,619,126000
610 x 305 x 149,1.77,1220,1220,1220,1220,1220,1220,1220,1220,1210,1150,1080,1010,945,882,822,766,715,126000
610 x 305 x 149,2,1220,1220,1220,1220,1220,1220,1220,1220,1220,1210,1150,1080,1020,960,901,845,793,126000
610 x 305 x 149,2.5,1220,1220,1220,1220,1220,1220,1220,1220,1220,1220,1220,1210,1160,1100,1050,995,944,126000
610 x 229 x 140,1,1100,1100,1100,1050,991,935,880,774,678,597,529,474,429,391,359,332,309,112000
610 x 229 x 140,1.13,1100,1100,1100,1090,1040,988,936,835,740,655,583,522,471,428,394,366,341,112000
610 x 229 x 140,1.35,1100,1100,1100,1100,1100,1060,1020,923,832,748,671,605,547,498,455,418,391,112000
610 x 229 x 140,1.5,1100,1100,1100,1100,1100,1100,1060,975,888,805,728,660,599,546,500,459,423,112000
610 x 229 x 140,1.77,1100,1100,1100,1100,1100,1100,1100,1050,974,896,821,752,689,632,581,536,495,112000
610 x 229 x 140,2,1100,1100,1100,1100,1100,1100,1100,1100,1040,963,891,823,760,701,648,600,557,112000
610 x 229 x 140,2.5,1100,1100,1100,1100,1100,1100,1100,1100,1100,1080,1020,955,895,838,784,733,686,112000
610 x 229 x 125,1,975,975,975,926,875,823,771,672,584,509,447,398,357,324,296,273,253,98600
610 x 229 x 125,1.13,975,975,975,964,918,870,822,727,638,559,493,438,392,356,326,301,280,98600
610 x 229 x 125,1.35,975,975,975,975,975,936,894,807,721,640,569,508,455,411,373,346,322,98600
610 x 229 x 125,1.5,975,975,975,975,975,972,934,853,771,691,619,555,499,451,410,374,349,98600
610 x 229 x 125,1.77,975,975,975,975,975,975,975,923,848,773,702,636,577,524,478,437,401,98600
610 x 229 x 125,2,975,975,975,975,975,975,975,971,904,834,765,699,639,585,536,492,453,98600
610 x 229 x 125,2.5,975,975,975,975,975,975,975,975,975,940,879,819,760,705,654,606,563,98600
610 x 229 x 113,1,869,869,869,821,774,726,679,587,504,436,380,335,299,270,246,226,209,87300
610 x 229 x 113,1.13,869,869,869,856,813,769,725,635,552,480,419,369,328,297,271,250,231,87300
610 x 229 x 113,1.35,869,869,869,869,866,828,789,707,626,551,485,428,381,340,311,287,267,87300
610 x 229 x 113,1.5,869,869,869,869,869,861,825,749,671,596,528,469,418,374,337,311,290,87300
610 x 229 x 113,1.77,869,869,869,869,869,869,869,813,741,670,601,539,484,436,394,358,328,87300
610 x 229 x 113,2,869,869,869,869,869,869,869,857,792,724,658,596,539,488,443,404,369,87300
610 x 229 x 113,2.5,869,869,869,869,869,869,869,869,869,821,762,703,647,594,546,502,462,87300
610 x 229 x 101,1,792,792,784,739,693,647,600,511,433,369,318,278,247,221,200,182,165,75800
610 x 229 x 101,1.13,792,792,792,771,730,687,643,556,475,407,350,305,271,244,221,202,187,75800
610 x 229 x 101,1.35,792,792,792,792,780,743,704,622,542,469,407,354,311,280,255,234,216,75800
610 x 229 x 101,1.5,792,792,792,792,792,774,738,662,583,510,445,389,342,303,277,254,236,75800
610 x 229 x 101,1.77,792,792,792,792,792,792,789,722,649,577,510,450,398,354,315,289,268,75800
610 x 229 x 101,2,792,792,792,792,792,792,792,764,697,628,561,500,446,398,356,320,294,75800
610 x 229 x 101,2.5,792,792,792,792,792,792,792,792,780,720,659,598,542,491,444,403,367,75800
610 x 178 x 100,1,739,739,661,589,525,467,418,339,282,241,210,186,167,152,139,128,119,72500
610 x 178 x 100,1.13,739,739,697,628,565,508,457,373,311,264,230,204,184,167,153,142,132,72500
610 x 178 x 100,1.35,739,739,739,684,625,569,518,429,360,306,263,233,210,192,177,164,153,72500
610 x 178 x 100,1.5,739,739,739,715,659,605,555,465,393,335,289,252,227,208,192,178,166,72500
610 x 178 x 100,1.77,739,739,739,739,710,661,613,525,449,387,335,293,259,235,217,202,189,72500
610 x 178 x 100,2,739,739,739,739,739,700,655,570,494,429,375,329,292,260,238,221,208,72500
610 x 178 x 100,2.5,739,739,739,739,739,739,728,652,579,513,456,406,363,326,294,266,244,72500
610 x 178 x 92,1,690,681,605,535,473,418,371,297,244,207,179,157,141,127,116,107,99.5,64600
610 x 178 x 92,1.13,690,690,639,572,511,455,406,327,269,226,196,173,155,141,129,119,110,64600
610 x 178 x 92,1.35,690,690,685,625,567,512,462,377,311,261,223,198,178,162,149,137,128,64600
610 x 178 x 92,1.5,690,690,690,655,599,547,497,410,340,286,243,214,193,176,162,150,139,64600
610 x 178 x 92,1.77,690,690,690,690,649,600,552,465,391,332,283,245,218,199,184,170,159,64600
610 x 178 x 92,2,690,690,690,690,683,638,592,507,432,369,318,276,241,218,201,187,175,64600
610 x 178 x 92,2.5,690,690,690,690,690,690,663,585,512,446,390,343,302,268,239,221,207,64600
610 x 178 x 82,1,602,589,521,459,403,354,312,247,201,169,145,127,113,102,92.4,84.9,78.5,55900
610 x 178 x 82,1.13,602,602,551,492,437,387,343,272,221,185,159,140,124,112,102,94.1,87.1,55900
610 x 178 x 82,1.35,602,602,593,538,486,436,391,315,256,212,182,160,143,130,118,109,101,55900
610 x 178 x 82,1.5,602,602,602,565,515,466,421,343,280,232,196,174,156,141,129,119,110,55900
610 x 178 x 82,1.77,602,602,602,602,558,513,470,390,323,270,227,196,176,160,147,136,126,55900
610 x 178 x 82,2,602,602,602,602,589,547,505,427,358,302,256,219,193,176,161,149,139,55900
610 x 178 x 82,2.5,602,602,602,602,602,602,568,495,427,367,316,274,238,209,191,177,165,55900
533 x 312 x 273,1,2090,2090,2090,2090,2090,2060,2020,1930,1850,1770,1700,1620,1550,1480,1410,1350,1290,199000
533 x 312 x 273,1.13,2090,2090,2090,2090,2090,2090,2090,2020,1940,1870,1800,1730,1660,1600,1530,1470,1410,199000
533 x 312 x 273,1.35,2090,2090,2090,2090,2090,2090,2090,2090,2070,2010,1950,1890,1830,1770,1710,1650,1590,199000
533 x 312 x 273,1.5,2090,2090,2090,2090,2090,2090,2090,2090,2090,2090,2030,1980,1920,1870,1810,1760,1700,199000
533 x 312 x 273,1.77,2090,2090,2090,2090,2090,2090,2090,2090,2090,2090,2090,2090,2060,2020,1970,1920,1870,199000
533 x 312 x 273,2,2090,2090,2090,2090,2090,2090,2090,2090,2090,2090,2090,2090,2090,2090,2080,2040,1990,199000
533 x 312 x 273,2.5,2090,2090,2090,2090,2090,2090,2090,2090,2090,2090,2090,2090,2090,2090,2090,2090,2090,199000
533 x 312 x 219,1,1620,1620,1620,1620,1620,1590,1550,1480,1400,1330,1250,1180,1110,1050,990,935,885,151000
533 x 312 x 219,1.13,1620,1620,1620,1620,1620,1620,1610,1540,1480,1410,1340,1270,1210,1140,1080,1030,975,151000
533 x 312 x 219,1.35,1620,1620,1620,1620,1620,1620,1620,1620,1580,1520,1460,1400,1340,1280,1230,1170,1120,151000
533 x 312 x 219,1.5,1620,1620,1620,1620,1620,1620,1620,1620,1620,1590,1540,1480,1420,1370,1310,1260,1210,151000
533 x 312 x 219,1.77,1620,1620,1620,1620,1620,1620,1620,1620,1620,1620,1620,1590,1540,1500,1450,1400,1350,151000
533 x 312 x 219,2,1620,1620,1620,1620,1620,1620,1620,1620,1620,1620,1620,1620,1620,1580,1540,1500,1450,151000
533 x 312 x 219,2.5,1620,1620,1620,1620,1620,1620,1620,1620,1620,1620,1620,1620,1620,1620,1620,1620,1620,151000
533 x 312 x 182,1,1340,1340,1340,1340,1330,1300,1270,1200,1130,1060,993,926,862,804,751,704,661,123000
533 x 312 x 182,1.13,1340,1340,1340,1340,1340,1340,1320,1260,1200,1130,1070,1000,940,881,826,776,729,123000
533 x 312 x 182,1.35,1340,1340,1340,1340,1340,1340,1340,1340,1290,1230,1170,1120,1060,999,944,892,843,123000
533 x 312 x 182,1.5,1340,1340,1340,1340,1340,1340,1340,1340,1340,1290,1240,1180,1130,1070,1020,965,916,123000
533 x 312 x 182,1.77,1340,1340,1340,1340,1340,1340,1340,1340,1340,1340,1320,1280,1230,1180,1130,1080,1040,123000
533 x 312 x 182,2,1340,1340,1340,1340,1340,1340,1340,1340,1340,1340,1340,1340,1300,1260,1220,1170,1120,123000
533 x 312 x 182,2.5,1340,1340,1340,1340,1340,1340,1340,1340,1340,1340,1340,1340,1340,1340,1340,1320,1280,123000
533 x 312 x 151,1,1100,1100,1100,1100,1100,1070,1040,979,916,851,786,724,667,615,569,528,492,101000
533 x 312 x 151,1.13,1100,1100,1100,1100,1100,1100,1080,1030,971,911,849,788,730,676,627,583,543,101000
533 x 312 x 151,1.35,1100,1100,1100,1100,1100,1100,1100,1090,1050,995,940,884,828,773,722,675,631,101000
533 x 312 x 151,1.5,1100,1100,1100,1100,1100,1100,1100,1100,1090,1040,992,940,886,834,783,735,690,101000
533 x 312 x 151,1.77,1100,1100,1100,1100,1100,1100,1100,1100,1100,1100,1070,1020,977,929,881,833,788,101000
533 x 312 x 151,2,1100,1100,1100,1100,1100,1100,1100,1100,1100,1100,1100,1080,1040,997,953,908,864,101000
533 x 312 x 151,2.5,1100,1100,1100,1100,1100,1100,1100,1100,1100,1100,1100,1100,1100,1100,1080,1040,1000,101000
533 x 210 x 138,1,957,957,950,899,850,801,754,667,590,525,472,427,390,359,332,310,290,86100
533 x 210 x 138,1.13,957,957,957,938,893,849,805,720,643,576,519,471,430,394,364,340,319,86100
533 x 210 x 138,1.35,957,957,957,957,951,913,875,798,724,657,597,544,498,458,423,391,365,86100
533 x 210 x 138,1.5,957,957,957,957,957,949,914,843,773,707,647,593,545,502,464,430,400,86100
533 x 210 x 138,1.77,957,957,957,957,957,957,957,911,848,786,728,674,624,579,538,501,467,86100
533 x 210 x 138,2,957,957,957,957,957,957,957,957,901,844,788,736,686,640,598,559,524,86100
533 x 210 x 138,2.5,957,957,957,957,957,957,957,957,957,944,896,849,803,759,716,677,639,86100
533 x 210 x 122,1,848,848,840,793,748,703,659,576,505,445,396,357,324,296,273,254,237,76000
533 x 210 x 122,1.13,848,848,848,828,786,745,704,624,552,489,437,393,356,325,300,279,261,76000
533 x 210 x 122,1.35,848,848,848,848,839,803,767,694,624,560,504,455,413,377,346,320,300,76000
533 x 210 x 122,1.5,848,848,848,848,848,836,803,735,667,604,547,497,453,414,380,350,325,76000
533 x 210 x 122,1.77,848,848,848,848,848,848,848,796,735,675,619,568,521,479,442,409,379,76000
533 x 210 x 122,2,848,848,848,848,848,848,848,839,784,728,674,623,576,533,494,458,426,76000
533 x 210 x 122,2.5,848,848,848,848,848,848,848,848,848,819,772,726,681,638,598,560,526,76000
533 x 210 x 109,1,750,750,740,697,655,613,572,496,429,375,331,295,267,243,223,206,192,66800
533 x 210 x 109,1.13,750,750,750,728,690,651,613,538,470,413,365,325,292,267,246,228,212,66800
533 x 210 x 109,1.35,750,750,750,750,737,704,670,600,534,474,422,377,339,307,281,262,245,66800
533 x 210 x 109,1.5,750,750,750,750,750,733,702,637,573,513,459,413,372,338,308,283,265,66800
533 x 210 x 109,1.77,750,750,750,750,750,750,749,693,634,576,523,474,431,393,359,330,303,66800
533 x 210 x 109,2,750,750,750,750,750,750,750,732,678,624,571,523,479,439,403,371,343,66800
533 x 210 x 109,2.5,750,750,750,750,750,750,750,750,750,707,661,615,572,531,493,458,427,66800
533 x 210 x 101,1,692,692,681,641,601,562,523,450,387,336,295,262,236,214,196,181,168,61500
533 x 210 x 101,1.13,692,692,692,670,634,597,560,489,425,370,325,288,259,236,216,200,186,61500
533 x 210 x 101,1.35,692,692,692,692,678,646,614,547,483,426,377,335,299,270,248,230,215,61500
533 x 210 x 101,1.5,692,692,692,692,692,673,644,581,519,462,411,367,329,296,269,249,233,61500
533 x 210 x 101,1.77,692,692,692,692,692,692,688,633,576,520,469,422,381,346,314,287,264,61500
533 x 210 x 101,2,692,692,692,692,692,692,692,670,617,564,514,467,425,387,353,324,298,61500
533 x 210 x 101,2.5,692,692,692,692,692,692,692,692,688,643,597,553,510,471,435,402,373,61500
533 x 210 x 92,1,649,649,634,595,556,516,478,406,345,296,257,227,203,183,167,154,140,55200
533 x 210 x 92,1.13,649,649,649,622,587,550,513,442,379,326,283,249,223,202,185,170,158,55200
533 x 210 x 92,1.35,649,649,649,649,629,597,564,497,433,376,328,289,255,232,213,196,183,55200
533 x 210 x 92,1.5,649,649,649,649,649,624,593,530,467,409,359,317,281,251,231,213,199,55200
533 x 210 x 92,1.77,649,649,649,649,649,649,636,580,521,464,413,367,327,293,264,242,226,55200
533 x 210 x 92,2,649,649,649,649,649,649,649,616,561,506,455,408,366,330,298,271,248,55200
533 x 210 x 92,2.5,649,649,649,649,649,649,649,649,630,583,534,488,445,406,371,340,312,55200
533 x 210 x 82,1,566,566,550,514,479,443,407,341,286,243,209,183,163,146,133,119,109,47500
533 x 210 x 82,1.13,566,566,566,539,506,473,439,373,315,268,230,201,179,161,147,135,123,47500
533 x 210 x 82,1.35,566,566,566,566,544,515,484,421,362,310,267,232,206,186,170,156,144,47500
533 x 210 x 82,1.5,566,566,566,566,565,538,510,450,391,338,293,255,223,202,184,170,157,47500
533 x 210 x 82,1.77,566,566,566,566,566,566,549,495,439,386,338,296,261,231,209,193,180,47500
533 x 210 x 82,2,566,566,566,566,566,566,566,527,475,423,374,331,293,261,233,212,198,47500
533 x 210 x 82,2.5,566,566,566,566,566,566,566,566,537,491,444,400,360,325,293,265,241,47500
533 x 165 x 85,1,556,547,486,431,382,340,304,247,207,177,155,138,125,114,104,96.8,90.2,48500
533 x 165 x 85,1.13,556,556,513,461,413,370,333,272,227,194,170,152,137,125,115,107,99.9,48500
533 x 165 x 85,1.35,556,556,551,503,458,416,378,314,263,225,194,173,157,144,133,123,115,48500
533 x 165 x 85,1.5,556,556,556,527,484,444,406,340,288,246,213,187,170,156,144,134,126,48500
533 x 165 x 85,1.77,556,556,556,556,524,486,450,385,330,285,248,218,193,176,163,152,143,48500
533 x 165 x 85,2,556,556,556,556,552,517,483,419,363,316,277,245,217,194,179,167,157,48500
533 x 165 x 85,2.5,556,556,556,556,556,556,539,481,427,379,338,302,271,244,221,201,185,48500
533 x 165 x 75,1,498,480,423,371,325,286,253,202,166,141,122,108,96.6,87.6,80.3,74.1,68.9,41100
533 x 165 x 75,1.13,498,498,448,398,353,313,278,222,182,154,134,119,107,96.9,88.8,82.1,76.3,41100
533 x 165 x 75,1.35,498,498,483,437,394,353,317,257,211,177,153,136,123,112,103,95,88.5,41100
533 x 165 x 75,1.5,498,498,498,459,418,378,342,280,231,194,165,147,133,121,112,103,96.5,41100
533 x 165 x 75,1.77,498,498,498,492,454,417,382,319,267,225,192,166,151,138,127,118,110,41100
533 x 165 x 75,2,498,498,498,498,480,446,412,349,296,252,216,187,165,151,139,130,121,41100
533 x 165 x 75,2.5,498,498,498,498,498,494,464,406,353,306,267,234,206,182,164,153,144,41100
533 x 165 x 66,1,429,409,359,313,272,238,209,164,134,112,96.6,84.8,75.6,68.2,62.2,57.3,53.1,35000
533 x 165 x 66,1.13,429,428,381,336,296,260,229,181,146,123,106,93.5,83.5,75.5,69,63.5,58.9,35000
533 x 165 x 66,1.35,429,429,411,370,331,295,263,209,169,140,122,108,96.3,87.3,79.9,73.7,68.4,35000
533 x 165 x 66,1.5,429,429,428,390,352,317,284,229,186,153,132,117,105,95,87,80.4,74.7,35000
533 x 165 x 66,1.77,429,429,429,419,385,351,319,261,215,178,150,132,119,108,99.3,91.9,85.5,35000
533 x 165 x 66,2,429,429,429,429,407,376,344,287,239,200,169,144,130,119,109,101,94.3,35000
533 x 165 x 66,2.5,429,429,429,429,429,419,391,337,287,245,210,181,157,140,129,120,112,35000
457 x 191 x 161,1,1000,1000,995,947,902,859,819,747,683,627,578,536,499,466,437,412,389,79800
457 x 191 x 161,1.13,1000,1000,1000,986,946,907,870,801,739,683,633,589,549,514,482,454,428,79800
457 x 191 x 161,1.35,1000,1000,1000,1000,1000,972,941,879,821,768,718,672,631,593,558,526,497,79800
457 x 191 x 161,1.5,1000,1000,1000,1000,1000,1000,979,923,869,818,770,725,683,644,608,575,544,79800
457 x 191 x 161,1.77,1000,1000,1000,1000,1000,1000,1000,989,942,896,851,808,768,729,692,658,626,79800
457 x 191 x 161,2,1000,1000,1000,1000,1000,1000,1000,1000,992,951,910,870,831,793,758,723,691,79800
457 x 191 x 161,2.5,1000,1000,1000,1000,1000,1000,1000,1000,1000,1000,1000,976,943,910,877,845,814,79800
457 x 191 x 133,1,814,814,801,758,718,679,642,575,517,468,426,391,360,335,312,292,275,63800
457 x 191 x 133,1.13,814,814,814,791,755,719,685,620,563,512,468,430,397,368,343,321,302,63800
457 x 191 x 133,1.35,814,814,814,814,805,775,745,686,631,581,536,496,459,427,398,373,349,63800
457 x 191 x 133,1.5,814,814,814,814,814,805,778,724,672,623,579,538,500,467,436,409,384,63800
457 x 191 x 133,1.77,814,814,814,814,814,814,814,781,735,690,647,607,569,534,502,473,445,63800
457 x 191 x 133,2,814,814,814,814,814,814,814,814,778,737,697,659,622,587,555,524,496,63800
457 x 191 x 133,2.5,814,814,814,814,814,814,814,814,814,814,785,752,719,687,655,625,597,63800
457 x 191 x 106,1,633,633,617,581,546,511,479,419,368,326,293,265,242,222,206,192,179,48900
457 x 191 x 106,1.13,633,633,633,608,576,544,513,454,403,359,322,291,266,244,226,211,198,48900
457 x 191 x 106,1.35,633,633,633,633,617,589,561,507,457,412,372,338,308,283,260,241,227,48900
457 x 191 x 106,1.5,633,633,633,633,633,614,589,538,489,445,404,369,338,310,286,265,246,48900
457 x 191 x 106,1.77,633,633,633,633,633,633,630,585,541,498,458,422,389,359,333,309,288,48900
457 x 191 x 106,2,633,633,633,633,633,633,633,618,578,537,499,463,430,399,372,346,323,48900
457 x 191 x 106,2.5,633,633,633,633,633,633,633,633,633,607,573,540,508,478,450,423,398,48900
457 x 191 x 98,1,591,591,575,541,507,474,443,385,337,297,265,239,218,200,185,172,161,45700
457 x 191 x 98,1.13,591,591,591,566,535,505,475,419,369,327,292,263,239,219,203,189,177,45700
457 x 191 x 98,1.35,591,591,591,591,574,547,521,468,419,376,338,306,278,254,233,217,204,45700
457 x 191 x 98,1.5,591,591,591,591,591,571,547,497,450,407,368,334,304,279,256,236,221,45700
457 x 191 x 98,1.77,591,591,591,591,591,591,585,542,498,457,418,383,351,323,298,276,256,45700
457 x 191 x 98,2,591,591,591,591,591,591,591,573,533,494,456,421,389,360,334,310,288,45700
457 x 191 x 98,2.5,591,591,591,591,591,591,591,591,591,559,526,494,463,433,406,380,357,45700
457 x 191 x 89,1,533,533,516,485,453,422,393,338,293,256,227,204,185,169,155,144,134,41000
457 x 191 x 89,1.13,533,533,533,508,479,450,422,368,321,282,250,224,202,185,171,159,149,41000
457 x 191 x 89,1.35,533,533,533,533,514,489,464,413,366,325,290,260,235,213,196,183,171,41000
457 x 191 x 89,1.5,533,533,533,533,533,511,487,440,394,353,316,285,258,234,214,198,186,41000
457 x 191 x 89,1.77,533,533,533,533,533,533,523,481,438,398,361,328,298,273,250,230,212,41000
457 x 191 x 89,2,533,533,533,533,533,533,533,509,470,432,396,362,332,305,281,259,239,41000
457 x 191 x 89,2.5,533,533,533,533,533,533,533,533,526,493,460,428,398,370,344,320,299,41000
457 x 191 x 82,1,503,503,483,452,420,389,359,305,261,226,199,177,159,145,133,123,114,37100
457 x 191 x 82,1.13,503,503,502,474,445,416,387,333,287,249,218,194,175,160,147,136,127,37100
457 x 191 x 82,1.35,503,503,503,503,480,454,428,376,329,288,254,225,201,183,169,157,147,37100
457 x 191 x 82,1.5,503,503,503,503,498,475,451,402,355,313,277,247,221,199,183,171,160,37100
457 x 191 x 82,1.77,503,503,503,503,503,503,486,442,397,356,319,286,257,233,211,193,181,37100
457 x 191 x 82,2,503,503,503,503,503,503,503,470,429,389,351,318,288,262,239,218,200,37100
457 x 191 x 82,2.5,503,503,503,503,503,503,503,503,483,448,413,380,349,321,296,273,252,37100
457 x 191 x 74,1,454,454,435,405,376,347,319,269,227,195,170,151,135,123,112,103,94.4,33300
457 x 191 x 74,1.13,454,454,452,426,399,372,345,294,250,215,187,166,149,136,124,115,107,33300
457 x 191 x 74,1.35,454,454,454,453,430,406,381,332,288,249,217,191,171,156,143,133,124,33300
457 x 191 x 74,1.5,454,454,454,454,447,425,402,356,311,272,238,210,187,169,156,144,135,33300
457 x 191 x 74,1.77,454,454,454,454,454,454,434,392,350,310,275,244,218,196,176,164,153,33300
457 x 191 x 74,2,454,454,454,454,454,454,454,418,378,339,304,272,245,220,199,181,168,33300
457 x 191 x 74,2.5,454,454,454,454,454,454,454,454,429,394,360,328,299,273,249,228,210,33300
457 x 191 x 67,1,404,404,385,358,331,304,278,231,194,165,143,125,112,101,91.5,82.9,75.7,29400
457 x 191 x 67,1.13,404,404,401,377,352,326,301,253,213,181,156,138,123,112,102,93.6,85.6,29400
457 x 191 x 67,1.35,404,404,404,401,380,357,334,288,246,210,181,158,142,129,118,109,101,29400
457 x 191 x 67,1.5,404,404,404,404,396,375,353,309,267,230,199,174,153,140,128,118,110,29400
457 x 191 x 67,1.77,404,404,404,404,404,401,382,342,301,263,231,202,179,159,146,135,126,29400
457 x 191 x 67,2,404,404,404,404,404,404,402,365,327,290,256,227,201,179,161,148,138,29400
457 x 191 x 67,2.5,404,404,404,404,404,404,404,404,373,339,306,276,248,224,203,184,167,29400
457 x 152 x 82,1,480,471,436,401,367,335,306,257,219,191,169,152,138,126,116,107,98.8,36600
457 x 152 x 82,1.13,480,480,456,424,392,362,333,282,242,210,185,167,152,139,129,120,112,36600
457 x 152 x 82,1.35,480,480,480,457,429,401,373,322,279,244,215,191,174,160,148,138,130,36600
457 x 152 x 82,1.5,480,480,480,475,449,423,397,347,304,267,236,210,189,174,161,151,141,36600
457 x 152 x 82,1.77,480,480,480,480,480,457,434,387,344,306,273,245,221,200,183,171,161,36600
457 x 152 x 82,2,480,480,480,480,480,480,459,417,375,337,304,274,248,225,206,188,177,36600
457 x 152 x 82,2.5,480,480,480,480,480,480,480,468,432,396,363,333,305,280,258,237,219,36600
457 x 152 x 74,1,432,423,390,357,325,295,267,222,188,162,143,127,115,105,95.8,87.6,80.7,32700
457 x 152 x 74,1.13,432,432,409,379,348,319,292,244,207,178,156,140,127,116,107,99,91.2,32700
457 x 152 x 74,1.35,432,432,432,409,382,355,328,280,239,207,181,161,146,134,124,115,108,32700
457 x 152 x 74,1.5,432,432,432,425,401,375,350,302,261,227,198,175,158,146,135,126,117,32700
457 x 152 x 74,1.77,432,432,432,432,428,407,384,339,297,261,231,205,183,165,153,143,134,32700
457 x 152 x 74,2,432,432,432,432,432,428,408,366,325,289,257,230,206,186,168,157,148,32700
457 x 152 x 74,2.5,432,432,432,432,432,432,432,413,377,343,310,281,256,233,212,194,178,32700
457 x 152 x 67,1,399,387,355,322,291,261,234,191,159,136,119,105,94.9,85,76.9,70.2,64.6,28900
457 x 152 x 67,1.13,399,399,373,343,313,284,256,210,175,149,131,116,105,95.6,86.9,79.3,73,28900
457 x 152 x 67,1.35,399,399,397,371,344,317,290,242,204,173,150,134,121,111,102,94.6,87.2,28900
457 x 152 x 67,1.5,399,399,399,387,362,337,311,263,223,190,164,145,132,121,111,103,96.4,28900
457 x 152 x 67,1.77,399,399,399,399,389,366,343,297,255,220,191,168,149,137,127,118,110,28900
457 x 152 x 67,2,399,399,399,399,399,387,366,322,281,245,215,189,167,150,140,130,122,28900
457 x 152 x 67,2.5,399,399,399,399,399,399,399,368,330,295,263,234,210,189,170,154,145,28900
457 x 152 x 60,1,355,343,313,283,254,226,202,162,133,113,97.9,86.4,76.3,68,61.3,55.9,51.4,25500
457 x 152 x 60,1.13,355,355,329,302,274,246,221,178,147,124,108,95.6,85.7,76.8,69.3,63.2,58.1,25500
457 x 152 x 60,1.35,355,355,351,327,302,276,251,206,170,143,124,110,99.3,90.3,82.8,75.5,69.4,25500
457 x 152 x 60,1.5,355,355,355,342,318,294,269,224,187,157,134,120,108,98.5,90.5,83.7,77.1,25500
457 x 152 x 60,1.77,355,355,355,355,343,321,298,254,215,183,156,136,123,112,104,96.1,89.6,25500
457 x 152 x 60,2,355,355,355,355,355,340,319,277,238,204,176,153,135,124,114,106,99.1,25500
457 x 152 x 60,2.5,355,355,355,355,355,355,355,319,282,248,217,191,169,150,135,126,118,25500
457 x 152 x 52,1,302,290,263,236,210,185,163,128,104,87.2,74.8,64.5,56.3,50,44.9,40.9,37.5,21400
457 x 152 x 52,1.13,302,301,277,252,227,202,179,141,114,96.1,82.8,72.6,63.6,56.5,50.8,46.2,42.3,21400
457 x 152 x 52,1.35,302,302,297,275,251,227,204,164,132,110,95.4,84.1,75.2,67.5,60.7,55.2,50.6,21400
457 x 152 x 52,1.5,302,302,302,287,266,243,220,179,145,120,104,91.5,82,74.3,67.4,61.3,56.2,21400
457 x 152 x 52,1.77,302,302,302,302,287,267,245,204,169,140,117,104,93.7,85.1,78.1,72.1,66.3,21400
457 x 152 x 52,2,302,302,302,302,302,284,264,224,188,157,133,114,103,93.9,86.3,79.8,74.3,21400
457 x 152 x 52,2.5,302,302,302,302,302,302,296,260,225,193,166,143,124,112,103,95.5,89.1,21400
406 x 178 x 85,1,458,458,440,413,386,360,336,291,255,225,201,182,166,153,141,132,123,31700
406 x 178 x 85,1.13,458,458,458,433,408,384,361,317,280,248,222,200,182,168,155,145,136,31700
406 x 178 x 85,1.35,458,458,458,458,439,418,397,356,318,285,257,233,212,194,178,166,156,31700
406 x 178 x 85,1.5,458,458,458,458,456,437,418,379,342,309,280,254,232,213,196,181,169,31700
406 x 178 x 85,1.77,458,458,458,458,458,458,448,414,380,348,319,292,268,247,228,211,196,31700
406 x 178 x 85,2,458,458,458,458,458,458,458,439,407,377,348,322,297,275,255,237,221,31700
406 x 178 x 85,2.5,458,458,458,458,458,458,458,458,455,429,403,378,354,332,311,292,274,31700
406 x 178 x 74,1,412,412,392,365,339,313,289,246,212,185,163,146,133,121,112,104,96.8,27300
406 x 178 x 74,1.13,412,412,408,384,360,336,312,269,233,204,180,161,146,134,123,115,107,27300
406 x 178 x 74,1.35,412,412,412,409,388,367,346,304,267,235,209,186,168,153,142,132,124,27300
406 x 178 x 74,1.5,412,412,412,412,404,385,365,326,289,256,228,205,184,167,154,143,135,27300
406 x 178 x 74,1.77,412,412,412,412,412,411,394,358,324,291,262,237,215,195,178,163,153,27300
406 x 178 x 74,2,412,412,412,412,412,412,412,382,349,318,289,263,240,219,201,185,170,27300
406 x 178 x 74,2.5,412,412,412,412,412,412,412,412,395,367,340,314,290,268,248,230,214,27300
406 x 178 x 67,1,371,371,350,326,301,277,254,214,182,157,138,123,111,101,92.6,85.4,78.5,24300
406 x 178 x 67,1.13,371,371,365,343,320,297,275,234,200,173,151,135,122,111,102,94.9,88.5,24300
406 x 178 x 67,1.35,371,371,371,366,346,326,305,266,230,201,176,156,140,128,118,110,102,24300
406 x 178 x 67,1.5,371,371,371,371,361,342,323,285,250,219,193,171,153,139,128,119,112,24300
406 x 178 x 67,1.77,371,371,371,371,371,367,350,315,281,250,222,199,178,161,146,135,127,24300
406 x 178 x 67,2,371,371,371,371,371,371,368,337,305,274,246,222,200,181,165,150,139,24300
406 x 178 x 67,2.5,371,371,371,371,371,371,371,371,347,319,292,267,245,224,206,189,174,24300
406 x 178 x 60,1,330,330,310,288,265,243,222,185,155,133,116,103,92,83.4,76.2,69.3,63.5,21600
406 x 178 x 60,1.13,330,330,324,303,282,261,240,202,171,146,127,113,101,92.2,84.6,78.1,71.8,21600
406 x 178 x 60,1.35,330,330,330,324,306,287,268,230,197,170,147,129,117,106,97.8,90.5,84.3,21600
406 x 178 x 60,1.5,330,330,330,330,319,302,284,247,214,186,162,142,126,115,106,98.6,92,21600
406 x 178 x 60,1.77,330,330,330,330,330,324,308,275,242,213,187,166,147,132,121,112,105,21600
406 x 178 x 60,2,330,330,330,330,330,330,325,294,263,234,208,185,166,149,134,123,115,21600
406 x 178 x 60,2.5,330,330,330,330,330,330,330,328,302,275,249,225,204,185,169,154,141,21600
406 x 178 x 54,1,289,289,270,249,229,208,189,155,129,109,94.3,82.9,73.9,66.6,59.7,54.2,49.6,18700
406 x 178 x 54,1.13,289,289,282,263,244,224,205,170,142,120,104,91.4,81.7,73.9,67.5,61.2,56,18700
406 x 178 x 54,1.35,289,289,289,282,265,247,229,194,164,139,119,105,94.2,85.5,78.3,72.2,67,18700
406 x 178 x 54,1.5,289,289,289,289,277,260,243,209,179,153,131,114,102,92.9,85.2,78.8,73.2,18700
406 x 178 x 54,1.77,289,289,289,289,289,280,265,234,203,176,153,133,117,105,97.1,90,83.9,18700
406 x 178 x 54,2,289,289,289,289,289,289,280,251,222,194,170,150,132,117,107,99,92.4,18700
406 x 178 x 54,2.5,289,289,289,289,289,289,289,282,256,230,206,184,164,147,133,120,110,18700
406 x 140 x 53,1,283,270,245,221,197,175,156,126,105,89.2,77.8,69,61.3,54.8,49.6,45.4,41.8,18300
406 x 140 x 53,1.13,283,281,259,236,213,191,171,139,115,98.1,85.8,76.3,68.8,62,56.1,51.3,47.2,18300
406 x 140 x 53,1.35,283,283,277,257,236,215,195,160,133,113,98.6,88.1,79.6,72.7,66.9,61.3,56.4,18300
406 x 140 x 53,1.5,283,283,283,269,249,229,210,175,146,124,107,95.6,86.7,79.3,73.1,67.8,62.7,18300
406 x 140 x 53,1.77,283,283,283,283,269,251,233,199,169,144,124,108,98.6,90.5,83.6,77.7,72.7,18300
406 x 140 x 53,2,283,283,283,283,283,267,250,217,187,161,140,122,108,99.4,92.1,85.8,80.3,18300
406 x 140 x 53,2.5,283,283,283,283,283,283,280,251,222,196,173,153,136,121,109,102,95.8,18300
406 x 140 x 46,1,244,232,210,187,166,146,129,102,83.9,70.8,61.2,53.3,46.8,41.7,37.7,34.4,31.6,15700
406 x 140 x 46,1.13,244,241,221,200,180,160,142,113,92,78,67.7,59.7,52.9,47.1,42.6,38.8,35.7,15700
406 x 140 x 46,1.35,244,244,237,219,200,180,162,131,107,89.4,78,69.2,62.2,56.3,50.9,46.4,42.6,15700
406 x 140 x 46,1.5,244,244,244,229,211,193,175,143,117,97.3,84.6,75.3,67.8,61.7,56.5,51.5,47.4,15700
406 x 140 x 46,1.77,244,244,244,244,229,212,195,163,136,114,96.3,85.6,77.4,70.6,65,60.2,55.9,15700
406 x 140 x 46,2,244,244,244,244,241,226,210,179,151,128,109,93.8,85.1,77.8,71.8,66.6,62.2,15700
406 x 140 x 46,2.5,244,244,244,244,244,244,237,209,181,157,136,118,104,92.3,85.5,79.6,74.5,15700
406 x 140 x 39,1,199,186,167,148,129,112,97.4,75.5,60.8,50.5,42.6,36.4,31.7,28.2,25.3,23,21.1,12500
406 x 140 x 39,1.13,199,194,177,159,140,123,107,83,66.9,55.9,47.9,41.1,35.9,31.8,28.6,26,23.9,12500
406 x 140 x 39,1.35,199,199,190,174,157,140,123,96.4,76.5,64.4,55.5,48.7,42.8,38,34.2,31.1,28.5,12500
406 x 140 x 39,1.5,199,199,198,183,167,150,134,106,84,69.8,60.4,53.1,47.5,42.3,38,34.5,31.7,12500
406 x 140 x 39,1.77,199,199,199,196,182,166,151,122,98,79.7,68.7,60.7,54.4,49.3,44.8,40.8,37.4,12500
406 x 140 x 39,2,199,199,199,199,192,178,163,134,110,90.1,75.3,66.9,60.1,54.6,50,46,42.2,12500
406 x 140 x 39,2.5,199,199,199,199,199,198,186,159,134,112,94.5,80.1,71.4,65.2,60,55.5,51.7,12500
356 x 171 x 67,1,333,333,315,294,273,253,234,202,175,154,137,124,113,103,95.6,89,83.2,19500
356 x 171 x 67,1.13,333,333,328,309,290,271,253,220,192,170,151,136,124,114,105,98.2,92,19500
356 x 171 x 67,1.35,333,333,333,329,313,296,280,248,220,196,175,158,143,130,121,113,106,19500
356 x 171 x 67,1.5,333,333,333,333,326,311,295,265,238,213,191,173,157,143,131,122,115,19500
356 x 171 x 67,1.77,333,333,333,333,333,332,319,292,265,241,219,200,182,167,153,142,131,19500
356 x 171 x 67,2,333,333,333,333,333,333,333,310,286,263,241,221,203,187,172,160,148,19500
356 x 171 x 67,2.5,333,333,333,333,333,333,333,333,322,301,281,262,244,227,212,198,185,19500
356 x 171 x 57,1,278,278,261,242,223,205,188,159,135,117,103,92.4,83.5,76.2,70.2,65,59.8,16000
356 x 171 x 57,1.13,278,278,272,255,238,220,204,174,149,129,114,101,92,84.1,77.6,72,67.2,16000
356 x 171 x 57,1.35,278,278,278,272,258,242,227,198,172,150,132,117,105,96.7,89.4,83.2,77.8,16000
356 x 171 x 57,1.5,278,278,278,278,269,255,240,212,186,164,145,129,115,105,97,90.4,84.7,16000
356 x 171 x 57,1.77,278,278,278,278,278,273,260,235,210,187,167,150,135,122,111,103,96.3,16000
356 x 171 x 57,2,278,278,278,278,278,278,274,251,227,205,185,167,151,137,125,114,106,16000
356 x 171 x 57,2.5,278,278,278,278,278,278,278,278,259,239,219,201,184,169,156,144,133,16000
356 x 171 x 51,1,246,246,230,213,196,179,163,136,114,98.2,85.9,76.2,68.6,62.3,57,51.9,47.7,14100
356 x 171 x 51,1.13,246,246,240,224,208,192,177,149,126,108,94.1,83.9,75.6,68.9,63.3,58.6,53.9,14100
356 x 171 x 51,1.35,246,246,246,240,226,212,197,170,145,125,109,96,86.8,79.4,73.1,67.8,63.3,14100
356 x 171 x 51,1.5,246,246,246,246,236,223,209,183,158,137,120,106,94,86.1,79.5,73.9,69,14100
356 x 171 x 51,1.77,246,246,246,246,246,240,228,203,179,158,139,123,110,98.2,90.3,84.1,78.7,14100
356 x 171 x 51,2,246,246,246,246,246,246,241,218,195,174,154,138,123,111,100,92.2,86.5,14100
356 x 171 x 51,2.5,246,246,246,246,246,246,246,243,224,204,185,168,152,138,126,115,106,14100
356 x 171 x 45,1,213,213,197,182,166,151,136,112,92.9,78.8,68.2,60.1,53.7,48.3,43.4,39.5,36.2,12100
356 x 171 x 45,1.13,213,213,206,192,177,163,148,123,102,86.5,75,66.3,59.4,53.8,49.1,44.6,40.9,12100
356 x 171 x 45,1.35,213,213,213,206,193,180,166,141,118,101,86.2,76.1,68.5,62.3,57.1,52.7,48.8,12100
356 x 171 x 45,1.5,213,213,213,213,202,190,177,152,129,110,94.8,82.3,74.3,67.7,62.2,57.5,53.5,12100
356 x 171 x 45,1.77,213,213,213,213,213,205,193,170,147,127,110,96.3,84.7,76.9,70.9,65.7,61.3,12100
356 x 171 x 45,2,213,213,213,213,213,213,205,183,161,141,123,108,95.7,85,77.8,72.3,67.6,12100
356 x 171 x 45,2.5,213,213,213,213,213,213,213,206,186,167,149,133,119,107,96.4,87.1,80.2,12100
356 x 127 x 39,1,181,166,148,130,113,99,87.1,69.4,57.3,48.8,42.5,36.9,32.7,29.3,26.6,24.3,22.4,10200
356 x 127 x 39,1.13,181,174,157,140,123,109,96,76.2,63,53.9,47.1,41.7,36.9,33.1,30,27.5,25.4,10200
356 x 127 x 39,1.35,181,181,170,154,139,124,111,88.6,72.3,61.9,54.4,48.5,43.8,39.5,35.9,32.8,30.3,10200
356 x 127 x 39,1.5,181,181,177,163,148,133,120,97,79.5,67.1,59.1,52.9,47.8,43.7,39.9,36.5,33.7,10200
356 x 127 x 39,1.77,181,181,181,175,162,148,135,112,92.6,77.7,67.1,60.2,54.7,50.1,46.3,43,39.7,10200
356 x 127 x 39,2,181,181,181,181,172,159,147,123,104,87.6,74.8,66.1,60.2,55.3,51.1,47.6,44.5,10200
356 x 127 x 39,2.5,181,181,181,181,181,178,168,146,126,108,94,81.9,71.9,65.7,61,57,53.4,10200
356 x 127 x 33,1,149,135,119,103,88.6,76.3,66.3,51.6,41.9,35.3,29.7,25.6,22.6,20.2,18.3,16.7,15.3,8250
356 x 127 x 33,1.13,149,141,127,111,96.9,84,73,56.6,46.3,39,33.6,29,25.5,22.8,20.6,18.8,17.3,8250
356 x 127 x 33,1.35,149,149,137,124,110,96.3,84.4,65.6,53.1,45.1,39.2,34.6,30.5,27.2,24.6,22.5,20.7,8250
356 x 127 x 33,1.5,149,149,144,131,117,104,92,72,57.4,49,42.7,37.9,33.9,30.3,27.4,25,23,8250
356 x 127 x 33,1.77,149,149,149,141,129,117,105,83.5,67.1,55.6,48.7,43.4,39.1,35.6,32.3,29.5,27.2,8250
356 x 127 x 33,2,149,149,149,149,138,126,114,92.9,75.5,62.1,53.5,47.8,43.2,39.4,36.3,33.3,30.7,8250
356 x 127 x 33,2.5,149,149,149,149,149,142,132,111,93.1,78,65.8,56.6,51.5,47.2,43.5,40.5,37.8,8250
305 x 165 x 54,1,233,233,223,211,200,188,176,153,134,118,105,94,85.1,76.4,69.3,63.5,58.5,11700
305 x 165 x 54,1.13,233,233,231,221,211,200,189,167,147,130,115,104,94,86.3,78.3,71.7,66.2,11700
305 x 165 x 54,1.35,233,233,233,233,226,217,207,187,167,150,134,121,109,99.3,92.1,85.7,79,11700
305 x 165 x 54,1.5,233,233,233,233,233,226,217,199,180,162,146,132,120,109,100,93.3,87.6,11700
305 x 165 x 54,1.77,233,233,233,233,233,233,233,217,200,183,167,153,140,128,117,108,99.9,11700
305 x 165 x 54,2,233,233,233,233,233,233,233,229,214,199,183,169,155,143,132,122,113,11700
305 x 165 x 54,2.5,233,233,233,233,233,233,233,233,233,226,212,199,186,174,163,152,142,11700
305 x 165 x 46,1,198,198,189,179,168,157,146,125,107,92.7,81.6,72.5,63.9,57.1,51.7,47.3,43.5,9900
305 x 165 x 46,1.13,198,198,196,187,178,167,157,136,118,102,89.8,80.1,72.2,64.6,58.4,53.4,49.2,9900
305 x 165 x 46,1.35,198,198,198,198,191,182,173,154,135,119,105,93,83.3,76.4,69.8,63.8,58.8,9900
305 x 165 x 46,1.5,198,198,198,198,198,190,182,164,146,129,115,102,91.7,82.9,76.8,70.9,65.3,9900
305 x 165 x 46,1.77,198,198,198,198,198,198,195,180,163,147,132,119,107,97.1,88.2,81.4,76.3,9900
305 x 165 x 46,2,198,198,198,198,198,198,198,191,176,161,146,132,120,109,99.9,91.4,83.9,9900
305 x 165 x 46,2.5,198,198,198,198,198,198,198,198,198,185,172,159,146,135,125,115,106,9900
305 x 165 x 40,1,171,171,163,153,144,133,123,103,87,74.5,64.9,56,49.2,43.8,39.6,36.1,33.2,8500
305 x 165 x 40,1.13,171,171,169,161,152,142,132,113,95.9,82.2,71.4,63.3,55.6,49.5,44.7,40.8,37.5,8500
305 x 165 x 40,1.35,171,171,171,171,164,155,147,128,111,95.6,83.1,72.9,65.8,59.2,53.4,48.7,44.8,8500
305 x 165 x 40,1.5,171,171,171,171,170,163,155,137,120,105,91.4,80.3,71.5,65.3,59.3,54.1,49.7,8500
305 x 165 x 40,1.77,171,171,171,171,171,171,167,152,135,120,106,93.9,83.6,74.8,68.7,63.8,58.7,8500
305 x 165 x 40,2,171,171,171,171,171,171,171,162,147,132,118,105,94.3,84.7,76.4,70.2,65.8,8500
305 x 165 x 40,2.5,171,171,171,171,171,171,171,171,167,154,140,128,116,106,96.5,88.2,80.7,8500
305 x 127 x 48,1,196,182,165,149,134,121,110,92,79,69.2,61.6,55.5,50.5,46.4,42.4,39,36.1,9570
305 x 127 x 48,1.13,196,190,174,159,145,132,120,101,87,75.8,67.7,61.2,55.9,51.4,47.6,44.1,40.8,9570
305 x 127 x 48,1.35,196,196,187,174,161,149,137,117,101,88,77.6,70.2,64.3,59.4,55.1,51.5,48.3,9570
305 x 127 x 48,1.5,196,196,195,183,170,158,147,127,110,96.6,85.4,76,69.7,64.5,60,56.1,52.7,9570
305 x 127 x 48,1.77,196,196,196,195,184,174,163,144,126,112,99.5,89,80,73.1,68.2,64,60.2,9570
305 x 127 x 48,2,196,196,196,196,194,184,175,156,139,124,111,100,90.3,81.8,74.8,70.2,66.2,9570
305 x 127 x 48,2.5,196,196,196,196,196,196,195,179,163,148,135,123,112,103,94.2,86.5,79.7,9570
305 x 127 x 42,1,169,156,140,125,111,99.5,89.3,73.6,62.4,54.2,47.9,43,38.9,35.1,32,29.4,27.2,8200
305 x 127 x 42,1.13,169,163,148,134,121,109,98.2,81.1,68.6,59.6,52.9,47.5,43.2,39.7,36.1,33.2,30.7,8200
305 x 127 x 42,1.35,169,169,160,147,135,123,112,93.9,79.6,68.5,60.7,54.8,50,46,42.6,39.6,36.7,8200
305 x 127 x 42,1.5,169,169,166,155,143,132,121,102,87.3,75.3,65.7,59.4,54.3,50,46.4,43.3,40.6,8200
305 x 127 x 42,1.77,169,169,169,166,156,145,135,117,101,87.7,76.9,67.9,61.7,57,53,49.5,46.5,8200
305 x 127 x 42,2,169,169,169,169,165,155,146,128,112,97.9,86.4,76.7,68.4,62.5,58.3,54.6,51.3,8200
305 x 127 x 42,2.5,169,169,169,169,169,169,164,148,133,119,106,95.6,86.1,77.9,70.7,64.7,61,8200
305 x 127 x 37,1,148,136,121,108,94.9,84,74.7,60.7,51,43.9,38.6,34.5,30.6,27.6,25.1,23,21.3,7170
305 x 127 x 37,1.13,148,142,129,116,103,92,82.2,66.9,55.9,48.4,42.7,38.2,34.6,31.1,28.3,26,24,7170
305 x 127 x 37,1.35,148,148,139,128,116,105,94.4,77.6,64.8,55.4,49.1,44.2,40.1,36.8,33.8,31.1,28.7,7170
305 x 127 x 37,1.5,148,148,145,134,123,112,102,84.7,71.1,60.5,53.3,48,43.7,40.1,37.1,34.5,31.9,7170
305 x 127 x 37,1.77,148,148,148,144,134,124,115,97,82.5,70.7,61.2,54.5,49.8,45.9,42.5,39.6,37.1,7170
305 x 127 x 37,2,148,148,148,148,142,133,124,107,91.8,79.3,69.1,60.6,54.6,50.5,46.9,43.8,41.1,7170
305 x 127 x 37,2.5,148,148,148,148,148,148,140,125,110,97.1,85.9,76.2,67.9,60.8,55.6,52.1,49.1,7170
305 x 102 x 33,1,128,112,96.6,82.4,70.7,61.3,53.8,43.2,36.1,31,26.6,23.4,20.8,18.8,17.1,15.7,14.6,6500
305 x 102 x 33,1.13,132,119,104,89.8,77.6,67.5,59.3,47.4,39.8,34.3,30.1,26.4,23.5,21.2,19.3,17.8,16.4,6500
305 x 102 x 33,1.35,132,127,114,101,88.7,77.9,68.8,54.7,45.8,39.7,35.1,31.4,28.1,25.4,23.1,21.2,19.6,6500
305 x 102 x 33,1.5,132,132,120,108,95.6,84.7,75.2,60.1,49.5,43.1,38.2,34.3,31.2,28.2,25.7,23.6,21.8,6500
305 x 102 x 33,1.77,132,132,129,118,107,95.9,86.1,69.9,57.5,48.9,43.6,39.3,35.8,32.9,30.3,27.8,25.8,6500
305 x 102 x 33,2,132,132,132,125,115,104,94.7,78,64.8,54.5,47.8,43.3,39.5,36.3,33.7,31.4,29.1,6500
305 x 102 x 33,2.5,132,132,132,132,129,120,111,94.3,80.2,68.5,59,51.3,47,43.4,40.4,37.7,35.4,6500
305 x 102 x 28,1,106,92.2,78.2,65.5,55.2,47.2,40.9,32.2,26.6,22.1,18.9,16.5,14.7,13.2,12,11,10.2,5370
305 x 102 x 28,1.13,111,97.8,84.3,71.7,60.8,52,44.9,35.5,29.4,25,21.3,18.7,16.6,14.9,13.6,12.5,11.5,5370
305 x 102 x 28,1.35,111,105,93.3,81.1,69.8,60.2,52.2,40.7,34,29.2,25.5,22.3,19.8,17.8,16.2,14.9,13.8,5370
305 x 102 x 28,1.5,111,110,98.5,86.8,75.6,65.7,57.2,44.3,36.9,31.8,27.9,24.8,22,19.8,18,16.6,15.3,5370
305 x 102 x 28,1.77,111,111,106,95.7,85,75,66.1,51.8,41.8,36.2,32,28.7,26,23.4,21.3,19.5,18.1,5370
305 x 102 x 28,2,111,111,111,102,92,82.2,73.2,58.2,46.9,39.8,35.3,31.7,28.8,26.4,24,22.1,20.4,5370
305 x 102 x 28,2.5,111,111,111,111,104,95.6,86.9,71.4,58.9,49,41.8,37.8,34.4,31.7,29.3,27.3,25.5,5370
305 x 102 x 25,1,89.3,76.4,63.6,52.4,43.4,36.6,31.5,24.4,19.6,16.1,13.7,12,10.6,9.53,8.67,7.94,7.34,4460
305 x 102 x 25,1.13,92.9,81.2,68.9,57.5,47.9,40.3,34.6,27,22.1,18.2,15.5,13.5,12,10.8,9.79,8.98,8.29,4460
305 x 102 x 25,1.35,94,87.9,76.7,65.4,55.3,46.8,39.9,31.1,25.6,21.8,18.5,16.1,14.3,12.9,11.7,10.7,9.9,4460
305 x 102 x 25,1.5,94,91.6,81.2,70.3,60.1,51.2,43.9,33.7,27.9,23.8,20.6,17.9,15.9,14.3,13,11.9,11,4460
305 x 102 x 25,1.77,94,94,88.1,78.1,68,58.9,50.9,38.7,31.8,27.3,23.9,21.2,18.8,16.9,15.3,14.1,13,4460
305 x 102 x 25,2,94,94,92.8,83.7,74.1,65,56.8,43.6,34.9,30.1,26.4,23.6,21.2,19.1,17.3,15.9,14.7,4460
305 x 102 x 25,2.5,94,94,94,93.4,85.1,76.6,68.4,54.3,43.4,35.6,31.5,28.3,25.7,23.5,21.7,19.9,18.3,4460
254 x 146 x 43,1,156,154,146,138,129,121,113,97.9,85.5,75.5,67.4,60.9,54.8,49.4,45,41.3,38.2,6540
254 x 146 x 43,1.13,156,156,152,145,137,129,122,107,94.1,83.3,74.4,66.9,61.1,55.9,50.9,46.7,43.2,6540
254 x 146 x 43,1.35,156,156,156,154,148,141,134,121,108,96.4,86.5,78,70.7,64.7,60.2,55.8,51.6,6540
254 x 146 x 43,1.5,156,156,156,156,154,148,142,129,116,105,94.7,85.7,77.9,71.1,65.3,61.1,57.3,6540
254 x 146 x 43,1.77,156,156,156,156,156,156,152,141,130,119,109,99.2,90.7,83.2,76.5,70.5,65.4,6540
254 x 146 x 43,2,156,156,156,156,156,156,156,150,140,129,119,110,101,93.3,86.2,79.7,73.9,6540
254 x 146 x 43,2.5,156,156,156,156,156,156,156,156,156,148,139,130,122,114,106,99.3,92.8,6540
254 x 146 x 37,1,133,131,124,116,108,100,92.6,78.8,67.6,59,52.2,46.1,40.9,36.8,33.4,30.6,28.3,5540
254 x 146 x 37,1.13,133,133,129,122,115,108,100,86.4,74.6,65,57.4,51.5,46.2,41.6,37.8,34.6,32,5540
254 x 146 x 37,1.35,133,133,133,130,125,118,111,98.1,86,75.6,66.9,59.6,53.9,49.6,45.1,41.4,38.2,5540
254 x 146 x 37,1.5,133,133,133,133,130,124,118,105,93.3,82.6,73.4,65.6,58.9,53.9,50,46,42.4,5540
254 x 146 x 37,1.77,133,133,133,133,133,133,128,116,105,94.5,84.9,76.5,69.1,62.6,57,53.2,50,5540
254 x 146 x 37,2,133,133,133,133,133,133,133,124,114,104,94.1,85.4,77.6,70.7,64.6,59.2,55,5540
254 x 146 x 37,2.5,133,133,133,133,133,133,133,133,129,120,112,103,95.1,87.7,80.9,74.8,69.2,5540
254 x 146 x 31,1,108,106,99.5,92.7,85.5,78.2,71.1,58.8,49.4,42.3,36.2,31.4,27.7,24.8,22.5,20.6,19,4410
254 x 146 x 31,1.13,108,108,104,97.9,91.3,84.3,77.4,64.7,54.5,46.5,40.8,35.5,31.3,28.1,25.4,23.3,21.4,4410
254 x 146 x 31,1.35,108,108,108,105,99.3,93.2,86.8,74.2,63.2,54.2,47,41.9,37.4,33.5,30.4,27.8,25.6,4410
254 x 146 x 31,1.5,108,108,108,108,104,98.2,92.3,80.1,69,59.6,51.8,45.5,41.3,37.2,33.8,30.9,28.5,4410
254 x 146 x 31,1.77,108,108,108,108,108,106,101,89.6,78.7,68.9,60.5,53.3,47.3,43.1,39.8,36.4,33.6,4410
254 x 146 x 31,2,108,108,108,108,108,108,106,96.5,86.1,76.4,67.7,60.1,53.6,48,43.9,41,38,4410
254 x 146 x 31,2.5,108,108,108,108,108,108,108,108,99.6,90.6,82,74.1,66.9,60.6,55,50.1,45.8,4410
254 x 102 x 28,1,94.7,83.5,72.8,63.1,54.8,48.1,42.7,34.8,29.3,25.4,22.4,19.7,17.6,15.9,14.5,13.3,12.3,4000
254 x 102 x 28,1.13,97.1,88.2,78.1,68.5,60.1,53,47.1,38.1,32.3,28.1,24.8,22.2,19.8,17.9,16.4,15,13.9,4000
254 x 102 x 28,1.35,97.1,94.4,85.6,76.7,68.3,60.9,54.5,44.3,37,32.3,28.7,25.9,23.6,21.4,19.5,18,16.6,4000
254 x 102 x 28,1.5,97.1,97.1,89.8,81.5,73.4,65.9,59.3,48.6,40.5,35,31.2,28.2,25.7,23.6,21.7,20,18.5,4000
254 x 102 x 28,1.77,97.1,97.1,96.1,88.8,81.3,74.2,67.5,56.2,47.3,40.3,35.5,32.1,29.4,27.1,25.1,23.4,21.8,4000
254 x 102 x 28,2,97.1,97.1,97.1,93.9,87.1,80.3,73.8,62.4,53,45.5,39.3,35.3,32.3,29.9,27.8,25.9,24.3,4000
254 x 102 x 28,2.5,97.1,97.1,97.1,97.1,96.9,91.2,85.4,74.4,64.8,56.5,49.5,43.6,38.6,35.5,33.1,31,29.2,4000
254 x 102 x 25,1,81.5,71.3,61.3,52.3,44.9,38.9,34.2,27.4,22.9,19.7,16.9,14.8,13.2,11.9,10.9,10,9.25,3410
254 x 102 x 25,1.13,84.2,75.4,66,57.1,49.3,42.9,37.6,30.1,25.3,21.8,19.1,16.8,14.9,13.5,12.3,11.3,10.5,3410
254 x 102 x 25,1.35,84.2,81,72.6,64.2,56.3,49.5,43.7,34.7,29.1,25.2,22.3,20,17.9,16.1,14.7,13.5,12.5,3410
254 x 102 x 25,1.5,84.2,84,76.4,68.4,60.7,53.8,47.7,38.2,31.5,27.4,24.3,21.8,19.8,17.9,16.3,15,13.9,3410
254 x 102 x 25,1.77,84.2,84.2,82.1,75,67.8,60.9,54.7,44.4,36.5,31.1,27.7,25,22.7,20.9,19.3,17.7,16.4,3410
254 x 102 x 25,2,84.2,84.2,84.2,79.6,72.9,66.3,60.2,49.5,41.2,34.6,30.4,27.5,25.1,23.1,21.4,20,18.5,3410
254 x 102 x 25,2.5,84.2,84.2,84.2,84.2,81.9,76.2,70.5,59.9,50.9,43.5,37.5,32.6,29.9,27.6,25.7,24,22.5,3410
254 x 102 x 22,1,68.3,59.1,50.1,42.1,35.5,30.4,26.4,20.9,17.3,14.4,12.3,10.8,9.59,8.64,7.87,7.22,6.68,2840
254 x 102 x 22,1.13,71,62.7,54.1,46,39.1,33.5,29,23,19.1,16.3,13.9,12.2,10.8,9.77,8.89,8.16,7.55,2840
254 x 102 x 22,1.35,71.2,67.6,59.9,52,44.9,38.8,33.7,26.4,22,19,16.6,14.6,12.9,11.7,10.6,9.75,9.02,2840
254 x 102 x 22,1.5,71.2,70.3,63.2,55.7,48.6,42.3,36.9,28.7,23.9,20.6,18.2,16.2,14.4,13,11.8,10.8,10,2840
254 x 102 x 22,1.77,71.2,71.2,68.2,61.4,54.6,48.3,42.6,33.6,27.1,23.5,20.8,18.7,16.9,15.3,13.9,12.8,11.8,2840
254 x 102 x 22,2,71.2,71.2,71.2,65.5,59.1,52.9,47.2,37.7,30.5,25.8,22.9,20.6,18.7,17.2,15.7,14.4,13.4,2840
254 x 102 x 22,2.5,71.2,71.2,71.2,71.2,67.1,61.5,56,46.2,38.2,31.9,27.2,24.6,22.4,20.6,19.1,17.8,16.7,2840
203 x 133 x 30,1,86.4,83.9,79,73.8,68.7,63.6,58.7,50.2,43.5,38.2,34,30.2,26.9,24.3,22.2,20.4,18.8,2900
203 x 133 x 30,1.13,86.4,86.4,82.5,78,73.2,68.4,63.7,55.1,47.9,42.1,37.4,33.7,30.4,27.5,25,23,21.3,2900
203 x 133 x 30,1.35,86.4,86.4,86.4,83.6,79.6,75.4,71.1,62.8,55.3,48.9,43.6,39,35.4,32.7,29.9,27.5,25.4,2900
203 x 133 x 30,1.5,86.4,86.4,86.4,86.4,83.1,79.3,75.4,67.5,60.1,53.5,47.8,43,38.8,35.5,33,30.5,28.3,2900
203 x 133 x 30,1.77,86.4,86.4,86.4,86.4,86.4,85.2,81.8,74.8,67.8,61.2,55.3,50.1,45.4,41.4,37.8,35.2,33.1,2900
203 x 133 x 30,2,86.4,86.4,86.4,86.4,86.4,86.4,86.3,80,73.5,67.2,61.3,55.9,51,46.7,42.8,39.4,36.4,2900
203 x 133 x 30,2.5,86.4,86.4,86.4,86.4,86.4,86.4,86.4,86.4,83.6,78.1,72.6,67.4,62.4,57.8,53.5,49.6,46,2900
203 x 133 x 25,1,71,68.5,64.1,59.4,54.6,49.8,45.3,37.8,32,27.7,24,20.9,18.6,16.7,15.2,14,12.9,2340
203 x 133 x 25,1.13,71,71,67.1,62.9,58.4,53.9,49.4,41.6,35.4,30.5,27,23.7,21,18.9,17.2,15.8,14.6,2340
203 x 133 x 25,1.35,71,71,71,67.7,63.9,59.8,55.7,47.8,41.1,35.5,31.1,27.9,25.1,22.6,20.6,18.9,17.4,2340
203 x 133 x 25,1.5,71,71,71,70.4,67,63.2,59.3,51.7,44.8,39,34.2,30.3,27.6,25.1,22.9,21,19.4,2340
203 x 133 x 25,1.77,71,71,71,71,71,68.4,65,58,51.2,45.2,40,35.5,31.7,28.9,26.9,24.7,22.9,2340
203 x 133 x 25,2,71,71,71,71,71,71,68.9,62.5,56.1,50.1,44.7,40,35.9,32.4,29.5,27.6,25.8,2340
203 x 133 x 25,2.5,71,71,71,71,71,71,71,70.4,65,59.4,54.1,49.2,44.8,40.8,37.3,34.1,31.3,2340
203 x 102 x 23,1,63.7,58.7,53.5,48.3,43.3,38.8,35,29,24.7,20.9,18.1,16,14.3,12.9,11.8,10.9,10.1,2100
203 x 102 x 23,1.13,64.4,61.4,56.7,51.8,47,42.5,38.5,32,27.1,23.7,20.5,18,16.1,14.6,13.3,12.3,11.4,2100
203 x 102 x 23,1.35,64.4,64.4,61.2,56.9,52.5,48.2,44.2,37.2,31.6,27.3,24.3,21.5,19.3,17.4,15.9,14.7,13.6,2100
203 x 102 x 23,1.5,64.4,64.4,63.6,59.8,55.8,51.7,47.7,40.6,34.8,30,26.4,23.9,21.4,19.4,17.7,16.3,15.1,2100
203 x 102 x 23,1.77,64.4,64.4,64.4,64.1,60.6,57,53.3,46.4,40.3,35.1,30.8,27.2,25,22.9,20.9,19.2,17.8,2100
203 x 102 x 23,2,64.4,64.4,64.4,64.4,64,60.8,57.4,50.8,44.7,39.4,34.8,30.8,27.5,25.4,23.6,21.7,20.1,2100
203 x 102 x 23,2.5,64.4,64.4,64.4,64.4,64.4,64.4,64.4,58.9,53.2,47.9,43,38.7,34.9,31.5,28.6,26.4,24.9,2100
178 x 102 x 19,1,46.6,42.9,39.1,35.2,31.6,28.3,25.5,21.1,17.9,15.2,13.1,11.6,10.3,9.36,8.55,7.87,7.29,1360
178 x 102 x 19,1.13,47,44.9,41.4,37.8,34.3,31,28.1,23.3,19.7,17.2,14.8,13.1,11.7,10.6,9.66,8.89,8.24,1360
178 x 102 x 19,1.35,47,47,44.7,41.6,38.3,35.2,32.2,27,23,19.8,17.7,15.6,14,12.6,11.5,10.6,9.84,1360
178 x 102 x 19,1.5,47,47,46.5,43.7,40.7,37.7,34.8,29.5,25.3,21.8,19.2,17.3,15.5,14,12.8,11.8,10.9,1360
178 x 102 x 19,1.77,47,47,47,46.8,44.3,41.6,38.9,33.8,29.3,25.5,22.3,19.8,18.1,16.6,15.1,13.9,12.9,1360
178 x 102 x 19,2,47,47,47,47,46.7,44.4,41.9,37,32.5,28.6,25.2,22.4,19.9,18.5,17.1,15.7,14.6,1360
178 x 102 x 19,2.5,47,47,47,47,47,47,47,42.9,38.7,34.8,31.2,28.1,25.3,22.8,20.7,19.2,18.1,1360
152 x 89 x 16,1,32.9,30,27.2,24.4,21.9,19.7,17.8,14.9,12.7,10.8,9.38,8.3,7.44,6.74,6.17,5.68,5.27,834
152 x 89 x 16,1.13,33.8,31.5,28.9,26.3,23.8,21.6,19.6,16.4,14,12.2,10.6,9.38,8.41,7.62,6.97,6.42,5.96,834
152 x 89 x 16,1.35,33.8,33.6,31.4,29.1,26.8,24.6,22.5,19,16.3,14.1,12.7,11.2,10,9.1,8.33,7.67,7.11,834
152 x 89 x 16,1.5,33.8,33.8,32.8,30.7,28.5,26.4,24.4,20.8,17.9,15.5,13.7,12.4,11.2,10.1,9.25,8.53,7.91,834
152 x 89 x 16,1.77,33.8,33.8,33.8,33,31.2,29.3,27.4,23.9,20.8,18.2,16,14.2,13,11.9,10.9,10.1,9.33,834
152 x 89 x 16,2,33.8,33.8,33.8,33.8,33,31.3,29.6,26.2,23.1,20.4,18,16,14.3,13.3,12.3,11.4,10.5,834
152 x 89 x 16,2.5,33.8,33.8,33.8,33.8,33.8,33.8,33.4,30.5,27.6,24.8,22.4,20.1,18.2,16.5,14.9,13.8,13.1,834
127 x 76 x 13,1,22.1,20,18.1,16.3,14.7,13.3,12.1,10.2,8.77,7.5,6.53,5.79,5.2,4.72,4.32,3.99,3.7,473
127 x 76 x 13,1.13,22.9,21.1,19.3,17.6,16,14.6,13.3,11.2,9.64,8.47,7.38,6.54,5.88,5.33,4.88,4.5,4.18,473
127 x 76 x 13,1.35,23.2,22.6,21.1,19.5,18,16.6,15.3,13,11.2,9.77,8.78,7.82,7.02,6.37,5.84,5.38,4.99,473
127 x 76 x 13,1.5,23.2,23.2,22.1,20.7,19.2,17.9,16.6,14.3,12.3,10.8,9.53,8.67,7.8,7.08,6.48,5.98,5.55,473
127 x 76 x 13,1.77,23.2,23.2,23.2,22.3,21.1,19.9,18.6,16.3,14.3,12.6,11.1,9.88,9.08,8.36,7.65,7.06,6.55,473
127 x 76 x 13,2,23.2,23.2,23.2,23.2,22.4,21.3,20.1,17.9,15.9,14.1,12.5,11.2,10,9.26,8.64,7.97,7.4,473
127 x 76 x 13,2.5,23.2,23.2,23.2,23.2,23.2,23.2,22.8,20.9,19,17.2,15.5,14,12.7,11.5,10.5,9.66,9.11,473
